-- phpMyAdmin SQL Dump
-- version 5.0.4
-- https://www.phpmyadmin.net/
--
-- Host: 127.0.0.1
-- Generation Time: Jan 08, 2022 at 07:08 AM
-- Server version: 10.4.17-MariaDB
-- PHP Version: 7.4.15

SET SQL_MODE = "NO_AUTO_VALUE_ON_ZERO";
START TRANSACTION;
SET time_zone = "+00:00";


/*!40101 SET @OLD_CHARACTER_SET_CLIENT=@@CHARACTER_SET_CLIENT */;
/*!40101 SET @OLD_CHARACTER_SET_RESULTS=@@CHARACTER_SET_RESULTS */;
/*!40101 SET @OLD_COLLATION_CONNECTION=@@COLLATION_CONNECTION */;
/*!40101 SET NAMES utf8mb4 */;

--
-- Database: `property`
--

-- --------------------------------------------------------

--
-- Table structure for table `properties`
--

CREATE TABLE `properties` (
  `id` int(11) NOT NULL,
  `type` varchar(50) DEFAULT NULL,
  `category` varchar(100) DEFAULT NULL,
  `subcategory` varchar(100) NOT NULL,
  `property_name` varchar(255) DEFAULT NULL,
  `slug` varchar(255) DEFAULT NULL,
  `state` varchar(255) DEFAULT NULL,
  `city` varchar(100) DEFAULT NULL,
  `locality` varchar(255) DEFAULT NULL,
  `land_zone` varchar(200) DEFAULT NULL,
  `near_by_business` varchar(255) DEFAULT NULL,
  `floor_no` varchar(100) DEFAULT NULL,
  `total_floor` varchar(100) DEFAULT NULL,
  `floor_alow_for_constr` varchar(255) DEFAULT NULL,
  `open_side` varchar(100) DEFAULT NULL,
  `bathrooms` varchar(255) DEFAULT NULL,
  `width_of_road` varchar(100) DEFAULT NULL,
  `furnished_status` varchar(100) DEFAULT NULL,
  `ac` varchar(50) DEFAULT NULL,
  `bed` varchar(50) DEFAULT NULL,
  `wardrobe` varchar(50) DEFAULT NULL,
  `tv` varchar(50) DEFAULT NULL,
  `fridge` varchar(50) DEFAULT NULL,
  `sofa` varchar(50) DEFAULT NULL,
  `microwave` varchar(50) DEFAULT NULL,
  `dining_table` varchar(50) DEFAULT NULL,
  `washing_machine` varchar(50) DEFAULT NULL,
  `gas_connection` varchar(50) DEFAULT NULL,
  `one_bhk` varchar(50) DEFAULT NULL,
  `two_bhk` varchar(50) DEFAULT NULL,
  `three_bhk` varchar(50) DEFAULT NULL,
  `cover_area` varchar(50) DEFAULT NULL,
  `cover_area_unit` varchar(50) DEFAULT NULL,
  `plot_area` varchar(50) DEFAULT NULL,
  `plot_area_unit` varchar(50) DEFAULT NULL,
  `plot_length` varchar(50) DEFAULT NULL,
  `plot_length_unit` varchar(50) DEFAULT NULL,
  `plot_breadth` varchar(50) DEFAULT NULL,
  `plot_breadth_unit` varchar(50) DEFAULT NULL,
  `monthly_rent` varchar(100) DEFAULT NULL,
  `daily_rent` varchar(100) DEFAULT NULL,
  `electr_charge` varchar(50) DEFAULT NULL,
  `other_charge` varchar(50) DEFAULT NULL,
  `security_amount` varchar(100) DEFAULT NULL,
  `maintenance_charge` varchar(50) DEFAULT NULL,
  `maintenance_charge_unit` varchar(100) DEFAULT NULL,
  `expired_at` date DEFAULT NULL,
  `status` enum('0','1') NOT NULL DEFAULT '1' COMMENT '''0=Inactive'',''1=active''',
  `property_type` enum('exclusive','top','trending','explore','vendor') NOT NULL DEFAULT 'top',
  `priority` int(11) NOT NULL DEFAULT 5000,
  `created_by` int(11) NOT NULL,
  `created_at` datetime NOT NULL DEFAULT current_timestamp(),
  `updated_at` datetime DEFAULT NULL
) ENGINE=InnoDB DEFAULT CHARSET=utf8mb4;

--
-- Dumping data for table `properties`
--

INSERT INTO `properties` (`id`, `type`, `category`, `subcategory`, `property_name`, `slug`, `state`, `city`, `locality`, `land_zone`, `near_by_business`, `floor_no`, `total_floor`, `floor_alow_for_constr`, `open_side`, `bathrooms`, `width_of_road`, `furnished_status`, `ac`, `bed`, `wardrobe`, `tv`, `fridge`, `sofa`, `microwave`, `dining_table`, `washing_machine`, `gas_connection`, `one_bhk`, `two_bhk`, `three_bhk`, `cover_area`, `cover_area_unit`, `plot_area`, `plot_area_unit`, `plot_length`, `plot_length_unit`, `plot_breadth`, `plot_breadth_unit`, `monthly_rent`, `daily_rent`, `electr_charge`, `other_charge`, `security_amount`, `maintenance_charge`, `maintenance_charge_unit`, `expired_at`, `status`, `property_type`, `priority`, `created_by`, `created_at`, `updated_at`) VALUES
(18, '1', '3', '51', 'Name of Project/Society', NULL, 'Uttar Pradesh', NULL, 'locality here', 'Agricultural Zone', 'Nearby Businesses', NULL, NULL, NULL, NULL, NULL, NULL, NULL, NULL, NULL, NULL, NULL, NULL, NULL, NULL, NULL, NULL, NULL, NULL, NULL, NULL, '10', 'Sq-ft', '20', 'Sq-ft', '30', 'Sq-ft', '20', 'Sq-ft', '1000', '1000', '1', '500', '100000', '500', 'Monthly', NULL, '1', 'top', 1, 17, '2021-12-30 06:10:55', '2021-12-30 06:10:55'),
(19, '1', '2', '1', 'himanshu', 'himanshu', 'Uttar Pradesh', 'Ghaziabad', NULL, NULL, NULL, NULL, NULL, NULL, NULL, NULL, NULL, NULL, NULL, NULL, NULL, NULL, NULL, NULL, NULL, NULL, NULL, NULL, NULL, NULL, NULL, NULL, 'Sq-ft', NULL, 'Sq-ft', NULL, 'Sq-ft', NULL, 'Sq-ft', NULL, NULL, NULL, NULL, NULL, NULL, NULL, NULL, '1', 'exclusive', 6, 19, '2021-12-30 08:00:12', '2021-12-30 08:00:12'),
(20, '1', '2', '1', 'Name of Project/Society', 'Name-of-Project-Society', 'Uttar Pradesh', 'Ghaziabad', NULL, NULL, NULL, NULL, NULL, NULL, NULL, NULL, NULL, NULL, NULL, NULL, NULL, NULL, NULL, NULL, NULL, NULL, NULL, NULL, NULL, NULL, NULL, NULL, 'Sq-ft', NULL, 'Sq-ft', NULL, 'Sq-ft', NULL, 'Sq-ft', NULL, NULL, NULL, NULL, NULL, NULL, NULL, NULL, '1', 'exclusive', 5, 22, '2021-12-30 08:01:04', '2021-12-30 08:01:04'),
(21, '1', '2', '1', 'Name of Project/Society', 'name-of-project-society', 'Uttar Pradesh', 'Ghaziabad', NULL, NULL, NULL, NULL, NULL, NULL, NULL, NULL, NULL, NULL, NULL, NULL, NULL, NULL, NULL, NULL, NULL, NULL, NULL, NULL, NULL, NULL, NULL, NULL, 'Sq-ft', NULL, 'Sq-ft', NULL, 'Sq-ft', NULL, 'Sq-ft', NULL, NULL, NULL, NULL, NULL, NULL, NULL, NULL, '1', 'exclusive', 4, 17, '2021-12-30 08:01:50', '2021-12-30 08:01:50'),
(22, '1', '3', '51', 'girl', 'girl', 'Uttar Pradesh', 'Aliganj', NULL, NULL, NULL, NULL, NULL, NULL, NULL, NULL, NULL, NULL, NULL, NULL, NULL, NULL, NULL, NULL, NULL, NULL, NULL, NULL, NULL, NULL, NULL, NULL, 'Sq-ft', NULL, 'Sq-ft', NULL, 'Sq-ft', NULL, 'Sq-ft', NULL, NULL, '1', NULL, NULL, NULL, 'Monthly', NULL, '1', 'exclusive', 3, 19, '2021-12-30 09:57:37', '2021-12-30 09:57:37'),
(23, '1', '3', '51', 'jitendra', 'jitendra', 'Uttar Pradesh', 'Ghaziabad', NULL, NULL, NULL, NULL, NULL, NULL, NULL, NULL, NULL, NULL, NULL, NULL, NULL, NULL, NULL, NULL, NULL, NULL, NULL, NULL, NULL, NULL, NULL, NULL, 'Sq-ft', NULL, 'Sq-ft', NULL, 'Sq-ft', NULL, 'Sq-ft', NULL, NULL, '1', NULL, NULL, NULL, 'Monthly', NULL, '1', 'exclusive', 2, 22, '2021-12-30 09:58:00', '2021-12-30 09:58:00'),
(24, '1', '3', '51', 'swapnil', 'swapnil', 'Uttar Pradesh', 'Ghaziabad', NULL, NULL, NULL, NULL, NULL, NULL, NULL, NULL, NULL, NULL, NULL, NULL, NULL, NULL, NULL, NULL, NULL, NULL, NULL, NULL, NULL, NULL, NULL, '10', 'Hectare', '20', 'Acre', '30', 'Sq-ft', '10', 'Sq-ft', '1000045645', '1000', '1', '500', '100000', '500', 'Quarterly', NULL, '1', 'exclusive', 100, 17, '2021-12-30 11:30:01', '2021-12-30 11:30:01'),
(25, '1', '1', '5', 'jitendra', 'jitendra', 'Uttar Pradesh', 'Ghaziabad', NULL, NULL, NULL, 'Ground', '1', '1', '1', '0', NULL, 'Furnished', '0', '0', '0', '0', NULL, NULL, NULL, NULL, NULL, NULL, NULL, NULL, NULL, NULL, 'Sq-ft', NULL, 'Sq-ft', NULL, 'Sq-ft', NULL, 'Sq-ft', NULL, NULL, '1', NULL, NULL, NULL, 'Monthly', NULL, '1', 'exclusive', 5000, 19, '2022-01-05 10:38:38', '2022-01-05 10:38:38'),
(26, '1', '1', '5', 'neha', 'neha', 'Uttar Pradesh', 'Ghaziabad', NULL, NULL, NULL, 'Lower Basement', '1', '1', '1', '0', NULL, 'Furnished', '0', '0', '0', '0', NULL, NULL, NULL, NULL, NULL, NULL, NULL, NULL, NULL, NULL, 'Sq-ft', NULL, 'Sq-ft', NULL, 'Sq-ft', NULL, 'Sq-ft', NULL, NULL, '1', NULL, NULL, NULL, 'Monthly', NULL, '1', 'vendor', 5000, 19, '2022-01-05 10:54:35', '2022-01-05 10:54:35');

-- --------------------------------------------------------

--
-- Table structure for table `properties_images`
--

CREATE TABLE `properties_images` (
  `id` int(11) NOT NULL,
  `property_id` int(11) NOT NULL,
  `image_name` varchar(255) DEFAULT NULL,
  `created_at` datetime NOT NULL DEFAULT current_timestamp(),
  `updated_at` datetime DEFAULT NULL
) ENGINE=InnoDB DEFAULT CHARSET=utf8mb4;

--
-- Dumping data for table `properties_images`
--

INSERT INTO `properties_images` (`id`, `property_id`, `image_name`, `created_at`, `updated_at`) VALUES
(24, 18, '16408446550.jpg', '2021-12-30 11:40:57', NULL),
(25, 18, '16408446561.jpg', '2021-12-30 11:40:57', NULL),
(26, 18, '16408446572.jpg', '2021-12-30 11:40:57', NULL),
(27, 19, '16408512120.jpg', '2021-12-30 13:30:12', NULL),
(28, 20, '16408512640.jpg', '2021-12-30 13:31:05', NULL),
(29, 21, '16408513100.jpg', '2021-12-30 13:31:50', NULL),
(30, 22, '16408582570.jpg', '2021-12-30 15:27:37', NULL),
(31, 23, '16408582800.jpg', '2021-12-30 15:28:01', NULL),
(32, 24, '16408638010.jpg', '2021-12-30 17:00:04', NULL),
(33, 24, '16408638021.jpg', '2021-12-30 17:00:04', NULL),
(34, 24, '16408638022.webp', '2021-12-30 17:00:04', NULL),
(35, 24, '16408638033.jpg', '2021-12-30 17:00:04', NULL),
(36, 24, '16408638034.jpg', '2021-12-30 17:00:04', NULL),
(37, 24, '16408638035.jpg', '2021-12-30 17:00:04', NULL),
(38, 25, '16413791180.jpg', '2022-01-05 16:08:42', NULL),
(39, 25, '16413791211.jpg', '2022-01-05 16:08:42', NULL),
(40, 25, '16413791212.jpg', '2022-01-05 16:08:42', NULL),
(41, 26, '16413800750.jpg', '2022-01-05 16:24:36', NULL),
(42, 26, '16413800761.jpg', '2022-01-05 16:24:36', NULL),
(43, 26, '16413800762.jpg', '2022-01-05 16:24:36', NULL);

-- --------------------------------------------------------

--
-- Table structure for table `property_category`
--

CREATE TABLE `property_category` (
  `id` int(11) NOT NULL,
  `property_type_id` int(11) NOT NULL,
  `name` varchar(255) NOT NULL,
  `slug` varchar(255) NOT NULL,
  `created_at` datetime NOT NULL DEFAULT current_timestamp(),
  `updated_at` datetime DEFAULT NULL
) ENGINE=InnoDB DEFAULT CHARSET=utf8mb4;

--
-- Dumping data for table `property_category`
--

INSERT INTO `property_category` (`id`, `property_type_id`, `name`, `slug`, `created_at`, `updated_at`) VALUES
(1, 1, 'Residential', 'residential', '2021-12-29 15:26:50', NULL),
(2, 1, 'Commercial', 'commercial', '2021-12-29 15:26:50', NULL),
(3, 1, 'Agriculture', 'agriculture', '2021-12-29 15:27:13', NULL),
(4, 2, 'Residential', 'residential', '2021-12-29 15:26:50', NULL),
(5, 2, 'Commercial', 'commercial', '2021-12-29 15:26:50', NULL),
(6, 2, 'Agriculture', 'agriculture', '2021-12-29 15:27:13', NULL);

-- --------------------------------------------------------

--
-- Table structure for table `property_sub_category`
--

CREATE TABLE `property_sub_category` (
  `id` int(11) NOT NULL,
  `type` enum('1','2') DEFAULT NULL COMMENT '1=Rent-Lease , 2=Sale',
  `category` int(11) DEFAULT NULL,
  `subcategory_name` varchar(255) NOT NULL,
  `slug` varchar(255) NOT NULL,
  `status` enum('0','1') NOT NULL DEFAULT '1' COMMENT '0=inactive , 1=active',
  `property_location` text DEFAULT NULL,
  `property_location_key` text DEFAULT NULL,
  `location_advantage` text DEFAULT NULL,
  `location_advantage_key` text DEFAULT NULL,
  `location_environment` text DEFAULT NULL,
  `location_environment_key` text DEFAULT NULL,
  `location_commuting` text DEFAULT NULL,
  `location_commuting_key` text DEFAULT NULL,
  `location_interest` text DEFAULT NULL,
  `location_interest_key` text DEFAULT NULL,
  `property_features` text DEFAULT NULL,
  `property_features_key` text DEFAULT NULL,
  `property_area` text DEFAULT NULL,
  `property_area_key` text DEFAULT NULL,
  `property_rent_lease` text DEFAULT NULL,
  `property_rent_lease_key` text DEFAULT NULL,
  `created_at` datetime NOT NULL DEFAULT current_timestamp(),
  `updated_at` datetime DEFAULT NULL
) ENGINE=InnoDB DEFAULT CHARSET=utf8mb4;

--
-- Dumping data for table `property_sub_category`
--

INSERT INTO `property_sub_category` (`id`, `type`, `category`, `subcategory_name`, `slug`, `status`, `property_location`, `property_location_key`, `location_advantage`, `location_advantage_key`, `location_environment`, `location_environment_key`, `location_commuting`, `location_commuting_key`, `location_interest`, `location_interest_key`, `property_features`, `property_features_key`, `property_area`, `property_area_key`, `property_rent_lease`, `property_rent_lease_key`, `created_at`, `updated_at`) VALUES
(1, '1', 2, 'Resturend / Cafe', '', '1', 'eyJpdiI6InloZURyNyt3YVc2SXFKaHpKbnplcHc9PSIsInZhbHVlIjoiWE5Lc2piT2F2VFc2OWRqWWZHNkRGOFFhSDJtVkxCSEFEWFJLK3ZQNmxZNHVjV2RHTjN6Qjl5aTFnTnlxWXMyd1Iyem9NVWtlOCtTMk1BQ0UxU2lINU5yVzJtUXlGR1FiWmxpTEFoYm1vazBwak5qTjE5dlkvMHVEMktzR2t1ODNCSU9iUWVFZ0Ryck1NRnVCN21LdlpIdm0xaUV5TUhNTHZnNTNqNUlkUHdhSGVLUXV4ejkwNzZUbFpjL216dncxWkNiajBZTXZ5Z3VBRnlvTUFIUVFNWGxqMTRkUURaRlRtczdhVmtIVFNnNlQ0ZmpRZXd0aGtFSDBNd1dTMnVXY2Y3N0g4dkxrbUtueG1nUXNucXhTVThpM2tOQlBuNWxFZzY2U0dkbVJqMUk9IiwibWFjIjoiMTljNDIxYTgyZDA5NTBmZTQyMWNiNDU3MzU2YjJjMTEyYjg1MzhhOGExMjFiMDZhNWVkYzZiZDlmNWRmMzI2NiIsInRhZyI6IiJ9----eyJpdiI6IkNrN1BxYUgzUTBadERUWlRCRFdjK3c9PSIsInZhbHVlIjoiN2hMS2pHbGwyRzF3OVlGcmYxTHdkS0lxNWpFYlJEdFp0U2p6SkM1alZzc3JSTFpHTFU0bmtWL24vNXA1Qk9sOTVFL0tldmQwcU4zcWFHd2M3aEdHSVhONG0zR3pPYTFKekNJNllXRnovSG94ajdqWXR5MzVETkVTQnMyRzl3L01Rd21EcnpKS2Eyd0dFQ0hKRWFwYjFnMmc1eUZKelZjekVkSm56Ty9rZXpWaVkyTmJTUHROTWtQcmpSSXFtS0ZsdVBiRnRJTXc0M1NKQWxKRnQyQm5RdjBNZzR5VHZscTR4bUVEWlJqVlN6eC9XR3ZjTXZodWVBRFY2WERydE5pYSIsIm1hYyI6ImI5MWI4MjJmNDcyMTk2YTJjMDEyYjM4YWViNGZjMjEyOTkxNWU0ZWE5MTk0ZWI3Mzk3MGNhY2E4ZGY2MzNjMGMiLCJ0YWciOiIifQ==----eyJpdiI6IlB1MkpJQ2JHa3FFNytNbC9jR0VYYUE9PSIsInZhbHVlIjoibUFyd3VxVUpLV0xpOXpCMjd1TmJGeUJjWTRsYmtReUlqYUlFcTdSajRpZkRiTllJREovWUFPSXVhaUhYVkQwVzhkaG42Zy9kY1BTVXo2YUlnTWEvQURQUUE3QU0xSDN4czUxWlYwcGJkVjRWWWkvNGFNWlBPRVBkVno2aEdOc0gvZ0UvZ1BISEM4SnZCczF2VDJQRmIwZ0c2Tnd1bjl0cHhqODdHWmRUN1pZdkYvWnljYjJ3Nm9RNzNxbUMwRGx0L1dkVDB4OXo1Tkp6NGZiVUtiQzhwanJtNW9XQ3I3WjMycm9SZ3R0UGdGUDBHd1Q2Z2pDcXhPcmlmbzBOOTZJaUdkaE1QZ1h0MmtOZEdBUWtWSENtOUFqU2cwNUZQTEd6Ujl3c2xJZHNWdERmT2NHTDh4ZDRJNWNuM0JIVHpvcTVPWEw1cURiZldiaHZ4T0p2aENDNDdOSFl6TE0zYzhQMlNGS240c0swRHhrPSIsIm1hYyI6IjFlOTJhM2M0MDQ5ZDA0M2Q0MjZkYzE4ZTJhZDY1Njg0MjZkMzVkNWJkMDdhMjJiMTExM2VjZWQwMDAwMmEwNjkiLCJ0YWciOiIifQ==----eyJpdiI6InA5Yjd4ZVdkTG0vVEcwYWhCMUVmZ0E9PSIsInZhbHVlIjoiOTlYNXZsS0JoZWNVZXBYZDEvdjlXZ0Z5U1NDVmxFUUQ4SlBEUkhiSEZIVktOSUFhVllERmFWbVNsSFNNdHNzTDN4ZzQvNjY3UldyTVNuaUR1SS92NWl1b1VqU1kwdlRUNUVZU0Z3b2pwcDdYUHVUSFdTZnJiRTRpZzJYRHBtbmtZMktGYmxlVzhLMWJJN1YxcWZrdUFCWTg2KzBaNEJlazlzWkFRdUlaTEZMUjh1V0IzVVdHMlBiSjhQN05YUStvT0VJZEJ6WjR5czBWeGpsRGVMcmhhZEd5ZjBtRFZnbkQwRnprUmZoVmJHSzcwTkFibjRzMDFLRGRWWU1ldVUrQnJiK3NxckxJL29sWHVPWkd5MzBaSTBlM3l6MjRSUTVBWU5WTitLUldZd3ZuUWU3R2g2T2c5N2pTNGxNVlJrNGJ4cVBGSDcwMmxMbW95S2tJZUFMMWQ5dWRoZVYvaUMvOGppaTBaYlhoTS9zd25MKzZRRTZDZE1CZXZpcXp1YjJnIiwibWFjIjoiNGE0YTQzOGM0MTZlNzJkYzEzMzE1OGE3OGU1OWJkZDUxYjM5NzE1ZTY0OWY3NGVjN2M4NmU0ZGUzZDcxZWMwMCIsInRhZyI6IiJ9----eyJpdiI6IlhGYmVyS1pRT1RDd2hXY1EyWjJJV1E9PSIsInZhbHVlIjoianFnUTQybjYwVmtIdHcwN1gxTjFycEpBamY4N1FJcG1ObXQvYmRhc01reXBSYzVQYTc2eFlRYkJ2eWZsWllzM2QrTGRLSkcrMkxRbEJaQ3FnRHd1cGxEMGdQSG5NNHVDMGRvS1djUXNDbDJzak9wd1BpL2xyS3preTZjdis3U3I1ekhORUFUVk55UUhtRDJFM2NtZ211NFkxVVdWMVRHTExjS00yWEN5eVVTZnpVN2IrOVRFZUZtRHBqeE5sUHpiejRJREtINkhHbWhMcmhiMi9tUTNPbDB6a0xjdGt2MCt3TUJhbGxlbk9sUGJXZkF3QzBtRUViQ0FNdGdKamtaL1RQK3YybVVvRGUydmpRNU0waVZGTERWb2xpRk5yVHVEbERlNmVnUndUQ2MvY0djb2xQUmxyU3BXNHpBbWhjcmRDRmRMaDRtV0NPa2dLb2tCYlV3b2VMZjcwNnQvYkhuRml0NjFOeFdudmI4clhrRFZrd01IbUloaVFlNWlhdFA4WjQxbDhtV1hyMjNJL0p1ZVhSakJCMWdTazl4aUJ2OXR1UUl4bTNna0ZucGYrUEp1cE1CV1RFeHdXS2xsYm1PWWE5dXVZOEI2QzJmaXhSbGhmaTdjT2NIUGpuSXhlRFRCaHhDYkplcGFXNFV3cHdGeGdRazR2akw2VDBBZmIyQnNRSSsyM1hjOFQ5T2JPWUhqYzJ5dFZCaVkzcEdGNnI5Lzc2RzdYZGZvd2FRSS9POXRxSDBSY0IyaFlWOE0raS9YQ0VJK2lrc3YwcThYMkw2aGRTZ1lpZURaeWM3NGdvVlNPbUNWdDR2dDVkN0FyYlN0Q2h5UzNTQ1RtMFdhNkRCa0R6UXExZGpOQVpqWVEwd2RlTGgwMDVWYWExOVRyTTNRZGh0MkFOY2QzbHl4Q3dCdlg2RmlDMlhZMHFyUWZtaVNnSUtJdWxGMmNBdG5RaHNLT3kzaCthZUhLd2FYZ2t5N202MEpvelZYYjRTODN0NGlEdEY3V3FIVU9POVFMSWZabUJ6Rm81cDkxOEI3SVQ0RVVhcGc2UEFCekpZZ2FwNlpBUTlicmhBK2dRNFY0ZlNhdDV3cStpZmwrT3UrczBVYVFMS3AzbjhQSXBpUEFMUXV0c0Qzbit6OEI1elVjdTY4dGtpS2ZvWEhWSjh1YlA3TjB5ZWFwejNTYi9aeVJ3MmNYTkZXNHpiM0V4RVBjMThOS2tlVkxWVDBmbGRrdk95c0FsUGs2NkNCRHVUSVRtUHQ5VTdqRjNVdkg5aU5Tb1loWXJ4cHNhcitXOEwxNEhreDhRRzZoUkpoQm5LVVZObzZERFUvZlY2M0Y1VDNrS0p3NVVtZGNMZ3o1eEljb2FpNVFtWjVhMzBhSlRkNnNPU3Y5WU9sUGhydG5MWmJQeG5UazYzREF2bmxlaDliRllGcmtWTjUvUy9meFVIc014TU03NWcrNS9zbGYrUFAwWmlkN1FUbU1lN085eEJHb0NqMGpCQW03V1VBMVB5aW8walNpU1E2Y0o1dXcxWXZLOWwybmU5N0VUb095MjYwcWx0OVJVVGxPSkRJSVIvTzdQSXV5enh1d0Q3M1pyTTRlSU1UUUF6eTltZTVBdFRWdFhXUllsK2pncUpLdUVoaWd0SEg3MjVkb0JhNkQ5N1pqYVQrdkdJa1NDVzJ3ZjFkVU1kQVJpN08xTUc1MXFvYVNGY0ZOWGJWVFNBRm92MUZzMWdleGpxRGVsRFNqL3VydVNlMlJ5ZlNTSnhBOWUrMnB1QW9mckpJV2tNY1hDNzAzUE1WOWZDODZoT0x1Ym1IYTJJL3IwMVBFZUtOakpuT1p0ZGhzVmJzYnc1RXI3cFM0bzM3Z2Q3Q1lPZzRBd0ZXWEg5M3dUWmR6VERpUFFqV3lNdldOYnNFRGRjZFBEWm9Bb0VoZ3MwRFJCRGVOWCtmU3NmNmlXTTBGdlM3cXBFYkRqUUtaVzlqbDhCYkVvR000U0daOE8rQlB1bnF3OTk3cHlZNk5oVjVRL0FRUFIyVHp2LzFHZis1akpQYkRndm01TmRiclNDTDVLREZCYm9xVWJPMmVHMzFpNXR6NzRxNVBsK3BYcmpkYmVGTWE3VnIvcjJoY0oyMVUvSkM2UzdFNEgrRkdiTTdoMFExQTZaajJ5WjJGRGl5NVBHaWVzV0txc3RkekNWR1FLRHAxL1JMQ1JQdWlYUUc3UEpxcTN1eCtxb3U2WjBjQmJaTVJUZjRiZEo1dmJyV0oxdFZiOXFnT2hZMG1ueEEwMFJYa1hFZ0FCR2s3ODY2ZkhpVVBkbFBzQTJoVERoeURvcGI3b3dqQnNvQnZabklEd3NrajZaaGNWY0x5WENNbEhpUVVDV2JqTytNaUJPM2w3eHFpRjY0SkNPcUU3blRyKzMybFFSZzJNYjJON1ZGWitvcjE4MUNnZDNBMTRQd3lYNnJHdHlKa2ZhcnAvbDdUdDY3NC9Ba1RZSEMiLCJtYWMiOiI3YzFhM2M1NWUwNWM2ODczY2U3NmY5ZTZmZTFlMmQzYjEwY2FiODEyNWVmMjk3NWZlYzY3ZTk4MzkwM2IzYzRmIiwidGFnIjoiIn0=', 'property_name,state,city,locality,land_zone', NULL, NULL, NULL, NULL, NULL, NULL, NULL, NULL, NULL, NULL, 'eyJpdiI6Ik04WnN5UEUxS0VMd0lyWDNtZlN1VVE9PSIsInZhbHVlIjoiLzZkeStkd3F4VGQzeEhNc09rd1Y5ZG5jQjdhWm8vYmQ2VWNlMExIRjFucW9Ddy9LYWtuZzFJeXBQaGkxaE04MHJQZ0NUd0hWV0ZzTEdwSkhIMEdLekZUM091ZzFPK0h6REw2bzl5b3BtVlN6bnAwVDhVSE5QYkd0WlNTemtTZ1Njemt2Ymk3YU9sRGczQ09iVTIxRVZQcTNoMjVGdEtZSGdkeTZRbVpNSWI3QmUvOXJSb2NLMTBaR240eHVQNVphaW93UUhvSzBKWGNWb00yWEJmclZwMEVpNCt0cHRKWUkrdnphU3piQkt6WXhlRTNqYVdKWXYzcWhBaFp0dGxOSEt3MlFXSGVnTENSb0Q4WUlTdTlwZnNRemM1a2VNcmRNWUFoYkFiTUg2RGExSUJVSzNXdVIrYzcyb0VRUXpNRGtid2pGMVIydjR5Nk9KZGlZRE9md3AzQ1R0a3ZFYS9BZWhWZDNjUTBGZnVwWnhlUEE2V1BXVElyM0kwNzhPTUdTcFRmTEsrU3NadW12aXZKL3l0bHJqeldnZ0pWV2xjOVNQUSs2MGVWT0YvR0k5UUNZd2lFTXRFVTNTTlV6QUNmNkxoWmY5L2tPTzBSajJscUV6TmNiU0x6d0grSGp0THZpRjFSMjNMTUpNaytEbENCU0w5bXphWXUwZDBTT1UrZnNmZmM4RlFCejc1SkdPRTlBK3VVTGZBQkttSlB5MWNwb0Z2dlFZbE9FMlZwMERsRHJnYm5vODB0QmtBM1NGOENUNVF4TGxMWm81Z0dCWmN2QURHS25hWEplVzBTNWdDY0tqT3Q0SDkrZlhPYjNQZDUybCtEKzV6NHFUMU4wRFdFdFFLczBtVFgxY25vOXJHSy9vUWZseUx1dHhFcE9LczViVytNQ1o5cXROWW9UZU5Id1BJMUl3K25EZitCRnVZOFg5NW9vaGFKSnNaYzIzRmMreWVnTHNacHFpQ2t0YTUzY1ZXWml3U0M5SzZZNVFndCt4UmRvMm9MNk9GS1FGL0IwS3BIck9HdW5Pc1NkOVBuVmd6b1lqZGNPZE9YdlhxSmZXaCtTdml2ZWYwS2ZNNlJ0OTRMaDg0dDZUNXhKZ0drcTU3WU92UkJoZCtzVDUyek9PMEx4YlBidnBTWDBuR1RXaXVqNHJ0YTVDR2RKbU1DOE9GcE41N1lxdEhlemZPRWpnb0JiMWJvbnY1TFRkM3QvbDhBVkdnd0gxSXVzcEpVUXd5QlRGWUQvRCtZYS8vcmdKU2l1VVlGMnk3bkpFZ3RybjMrWnArUHA3SFliRkpHdWNaalQ4cnluaW1qQlgzdU5CYzU5VUtjWnloOFU0clRDZzJ1ZWR2elNram1zMDdzSHVIbzF0aFBhc2FDZDQvQVlvZ3ZqSW5mV3M0Z2VycmEvS0JuR2xCa09GRnZMdysxUExIZXl3OWozRFh5ZFl0TFpxNjN6bmowL1ZrZURJeGNqclVlNktVdjRKMWw0ZzQycUJLbDUvY1VhT2w3dW1zWGdicjhiZGV5b0w2WXdTMC9QdGdxMklBdjZ6dndyRE5Od3JIR1c4UkgzNjRlbkxpTW5qcVBlWTNUYmh2SSs1RUlLbFF3UnlMSGhTTWlQOGFBcEtlNGpqaXA4M01DUWFXK0xoT1kycU8ybmp3cVRwQ2czRGlMNGQrT1FCNXpsMEtQOUh2dXN5d0hqV1RGMG9hUDJOOUIzMjJyYTlwQnEwY2ZzUTkxbDB4MlhmdEhJa2VCMjlTVjFXamNDU2RSZlhmK1doMXM3ZjFRRSt3UkErLzdTeTRXRlU1eWxyNHlmMEFHS2Z3OEQycmlKaFhOcHdTQzZqdGdTYXVVcHhiY2dqdHl6OFJqSTRnTnZUMHZWc1Y5cmErNHdyRitMeEp0V3p2TENtY1lUN2t6dWJzWjJ2YjRvditHSUtCZUkwZ1A0dFR1UWZxR29OZVo0QWJOaWxKazN3cWp5RTc4bG50M0p1Ulg1MVlqTEZhU1N4bFJQVXpSMXFqbm5PYmdLcUVLZnRKK00rZERYNHVDSEgyaVhDK3U0WkI1TFZJSksvS2hubmxmZFFrTHh1WGorbUJROUxhZ1B2OHFlNEk4eml6M1drclYwaFNjcjcxaVFEaXl1a1hQY0Fha01Ka0VlUUpLczhIZG5VdC83M1RSa2Fzdmx6a3JjSUZNZllHQ3hxV3lBRzh2bnZ3S0pncElUaTFkRXFkVG9wNEsyK05zdDlRSnhlUlBTWWpqa0dxUG5JRG9RSGN5TUgzTGE3eDF5K2ZiTjEya1lTQmlXbXRCWEFOMFp0UnRXUDBOQ3BHRmJoWS9HdEQ5MFhkZTJpMEN5em5lMjFPL2w3YUl5cjJMYnpwaWxPOHZBWEtOblBiMzlQa2IzelNmdG5xOU9LZXYzSXVsZFhLYXAySTJXT3UxKzB1Szh4Wlgzek1tcE5ORmNyZSt4anB5RFprMmFtNXdXdlF5N2ErUDdYMmJMbWJYdFdLeHpVeFBNcHloLzE3T2huWFBGNTBUUzB4Tkc1SW9DU2doVnUxN0tHNE1xMUY4bWxIZC9oZ21IbjAzT05XU3EyMmpONlM0VnphK1lWcUxRdDByRW9LY0ZhSHBzR2xEdUVzSmE1K2JvUitaTUpuM3ZUMTh2WGpkbmpOa2Q3NE5OZEE3ZVhyUHYzamExSStCQXhwcEtUNGFqVkR5M1FBRXhqQnRSK1BMS3BxU0RpQ2V4QlpNdXNxKzBNbzBhRndhWU53MGFwdDFsNENTNHZtdU1GZXkzYzJtV21oV3RMbUczc2g1OXZadk5yNkl2dVc2MXdhSWUyb0UyU2QzUjV2Nk0zb3Flby9GTnFiMXUrSnhKZHFhL2NseThzSlFoYjV1WXVyUElqRFg1c2RGUnBOT2IvaFFUQWNsVlJKRUVnVG9MSXJ3Y3phVUFWOVZlbEwyS0l0VDZFSTJ5a05Vdk1qUFVld3J3T2w3ZXNhenordjlTQVFOVEdocG8raEVnQURqOEVsTHJDY0JqcWU1WFhFdEw5eGlzQ2Z1azQvNkxxb3djaEhVL0lvclEzVWc3aTluTkRBR0srYUdHYnd5SDBxbXgxWmhPdS94TTQ3RGIzTlZvTjlnR0lPemtweW1nck5kcDFRQWtjYmRadGJsNnAzeEtBNWx0SkNYaXFHT2N2KzRIbC9uR1VOdE9YMXZDaDJrY1B6L0VzUFpoZlU2NFhrMjQvdmVVVDAyVG1iQkw3U09iTEZjRm1JVFZQL0t0YzgxTmY4c2I2ZURaekZWdjRBVGMvNERaOHc3ZUFCOXptUkloWkFhUUp0K3dUUW1hcTFsSk5rc0diU2VnZXY4azZPc0g1R2UrUmUxVE5EcWpCRkpoWFp4K1NvakRVbzJ6MXlxSVdOa1V0andmS0xlMnIyTjYwaXJva3ZFMFJNbjhoL0o1TGtGckI4RkhHR216RGQ0SzlXZDRpQmlneGJaOWl4NUlhZkE9IiwibWFjIjoiY2ZlZjE5YmNiNDk4YWRjNDhjMTM1ZDVmNGQ5MDk0ODFiYWY2NzA5M2NlNjJhMzMwOGY0OGY2NmIzYzNiMjJiZSIsInRhZyI6IiJ9----eyJpdiI6IkxYTlpOR0NUT2FjRWRONFdDaysvU2c9PSIsInZhbHVlIjoieWwrUWRwOTJIZHBJeUpWY3ZjaVk2NTBETnBUaWlacXpsU3NrYlZtbzBySmI4NFdIdW44V2VOOU1udUlOY0hVY3M4VE5SSmdQYVZNVnBzZVNnZFNMRWNaZnV3ejF5bCtJU25lb1hGT0hFcDNaRUVVVmw1R0ZYbXYxRFlHWHZjK0Z0YTRoYzBvVlFRNm5QRDR5NUNCVVVJb2J2OURybHRVUlRpb1YrYW15dlYySWt0blphaUtSU0dHNFoxUDAzbXRhVDJNL2NyY3FwWTJNeGNqdCszSzRia0RqVmJEeEl4ckc0NkY0OEREa0ZkbjZEclV3UlVCMThmOHcxZzZBSzdtRXdnVXlaWGU5RXR3YlUrM1lBUEtFR2JUL3pZVkNkVUpWSTZtTFRBVnliK2lJUXA1cXZTdFFUVk9yZFVtRWhPZjBnMjErK25sVW1BaHZoNVIrcG11RHgyM0VmWGlJNFVCbE5hdzBYYWRQS2NnMXJtT2JvSGNOeFMyRDVadlpaVExqMXZXOGt3d2Z5R2dMeExqa3ZaNkNJTkVLMXhHSUplYjM5VWppZjhEM2dXM3l3cjBmbitSUVgxNU52dWhjWUlzalFWUzA5alZLemlFRXBKYis0VVVyenFvWWVQZHVNQ0FSaVF1MHhWR2Y0ZTZJSG0rcWNEZzRUZldiYkxzTENSQ2F3bjBpN3BjZFlFRmJGQkVPRHZ2R0J4aHFlTm5tKzBTVlBBS29HV0tTNU1JaXowblcxWDh1NFU5cWw5bHFJRG1wSUR3dDUxRTNkSzVCVU82cmhkTDB5NjV1WGVhUk5KY0xkVFQ0ZDd2eGF3dmU1bG9pZkhHcy9hS05CanRKV2VzNFV5QjVPTjhUbm1IU3dYZ3VKVzlrQ1gvdG5pQU13cWhla3lNZG1YaW45Qmx6eXE5a0QxbkFLWktPbkdSdkFRRlIxSmhzNGNsNTVUL09iVnVGNUdsMDVIR2JTWkZ0S0tLVnlCK1dTMzBndVk3ZHFid2w0ZXBlQlltRVJJd1QyZEptZW1sOVhva3h6UmRxMzNnTW02UnN4VVZJdFduVjEyWGJqMExYMU9obk1NMkFuc2pzd0Nrc0VMV2x6VWxSd002WGVBYnlZQUovZjV2cWwwanpVQ2lOUmlQanlRQUF0MWI1UE9xTyt1MW9WV3FBYXNEVUpXczhybis5M05Gc3VRRXcrMmh5RlhkdXlsMEFrMXhhKzFzei9QTGVVNWVEam01dWlja2ZaV1NvNUlBRkpteGdKa2ZseC9wcjk2SzdlZ3hzNTNUeGtvOGc0bVE4L1hybjRPekw2eEFLbVlqWVlSVUtWN0RDUjhyYWpRNWhUYmNzbmNMd0dEdEhNN0RGQUp5RDV4Q0xYTnV4RkRzQk5INGFPd241K1RZUnArUjI5Uy9WSVhmOUVRdENYYjhIK3JDUjZFUldDNjlEUjJxN0MzSW5mTWpBL3VqQzJ4Y3ZqL3h5L2xyMGtVVzEwYjBaL2tlUTFMS21tdjhIQU5IZGd3SXp0SkZVUlY3WFZsT2dhN284Z2ErS0ZSV2NXUGNTQVlUS3h2TGpUbXJpQXRMUUhleEFUL0hlbWVrN2g0bDJHODgrU2RxcDRxcWRWN0dNdlFsRE1MR3ZYSlVScXdZaFlsRjFaU2sxUmlPemcxOC9oZ2xLTzBibHRMYlllK0NNRzVySE9Gb1NLb2drWnBEMzh0eWQ5Q1dXdzY4U0EwR2Z2dkZ3eDZ2QS9PTjA2KytmVG1yUVBiLzF0cStDTVFXVzJ6b0xxZElGcW9kRU9ZbDZJR0VMc2lyRytaN0tzcnpXVm1QRngzNmRDUTBBOFJ3TnU3ZDhnTW9QbFh1d0wvUG9lcnpFZ2ZkNzIyM0NKM3R2dExkbTNlYXUzT3M4TU1yNm1JeDNZYi9kZ1VDV21xaTNyVEQ1Q3NyOEZNU0w4NWFyYXIreHlta0Y4cW1sb0hEUndlaTlHRXMycFFzc01EMlNkU2sxRkI2eXJwdlowYVJSL2JOU2JDcWFpYjRxeTJIc005bGhSRGh4cmhyUitncEo5aGdTM0puOEFMdFBobkc1dC9kcnlEa3loK2t5eTloc01oTkplWjB5c3F4c0FCU2RQSHdQcnRZTGo2eWRSMmRWcHZ1eWZldFYvRHBvWEtlMGMrc1hFLzI0UzBwc0g5aXEzRFlPQll5VFhoRmdSMElQTWcxQmV1UWRyYWZmcHdGdFZrWmw0bU9iOFNKU2x3dUtQblMrd2dqU2xETnJhcjZ5VUM1dVJROWtSQzBjbVZhczdyV1cwTmJLL0h2TDBudWlOWU90Rkpza1A5WGhaaGxPZHNiS29qd0MrY25FRit4NlZDbjdQbzRmK29vVWxFU01WYnVHcUpTdklzNmhmc0FETnVMZ1hLb0FWeVZ2ZWh0dnp2d2w0UGRxc3VBak04bzN2bXgyTVVjc3MwVk52MGFLczNKVHJRNHFWUkNJakY3bVVuTmtQN3JWMzZYU2Q4b1lTRm9MeG1NdlJROGZXOURobVQzY25BaFJxT3FZayt6MGpkT1BpdE4rU0FTUXoyc0ZJLzNBdGtSY2l5M3psV25HNVlwMlBLMCtJanp4ZG9wZ2ZUQi9VZ0Nld3FiNGdIZ3RkcGp1dXEvQjNHZW9ac29jQ1l0SVZFUWoxTERmV213NTFTdVBYTGllUjh0cWVsclJrZHo0dHd4MmxBb2F6dFBGQVd5c3RGVERiTzhIc0hBVk53bDVZQmF0R1NXeUMrTE45eVNoMm14MXNkODNLN2NFSDA5dzllMjdvL2dNVHhLdi9iUmpla3ZlY1JaM0VWTS9aQzEzZmEreTNDb3ZBZUxOWFZGcXZEZDBiaTBEQVQ0TmN3SnIyejJUUE9yUnJ2eU9FWUx2Ly9oOUo0cktYOXFPSnBGOGFCK2s1SVFEK3J0ZS9CaWdzUURxSmVLLzJhS2U1QTNLM0dMVWJYZWJ5ODdNZGhRSUhReTVROTl3R09oOUVVRVVUSnUxVnpRWEk4NWZyUEFLZWZZekpiWXRrMWFaQTZTUGMwMFVjcWNrQk5zUHhlMWJkcTE4WDJRNURBVzJvMVNQZnJsdW40dEU2dW5aYnFMRDFWZXkvODlRdFRldWpvSlAydXh2N0FEaTF6TW5kN1JBWWlCRC8zaGlXMm50Unh3bk1OZWg3N3dRVmIxMEFrbDN4NVNaL2kyZEJiRDdkMXZGWGxXRHI4aVM3bWx4Q3FhZ1dyV0xuWnpQWEYzWjB0WWxzbXl1SUZkK09aNVl3SnBmcCtmSEpPU0tXWmtVdk0wS2Njemt4WkV5OVRuZ0NrbWMzOGg5Qk83L0lzUmpWcytLdEpWYjMya0NPZEpmbzJIeXFtUUx1Tyt5eFk5ZUpvbitNSkFNaWZYYTdXWThKdzZBYTd1cjZQcDk3RE14UUFIRnRNanFJVFhIR3dxVWxlaUV1ejY2MkVGQVpiWXZiMHdvUjNhSGRPalFReUk9IiwibWFjIjoiYzQyNzlmYTZiMTExZDE2YWQyYzcyYTE1YjhiY2U4NmQ0OTJhYmVjMWZjNGU3NTcwMWRkMDg2MmFkOWUwMmM1NyIsInRhZyI6IiJ9----eyJpdiI6ImtuRDZmenIrVUptcEx6QzJjUVFkL0E9PSIsInZhbHVlIjoiRXVFZ3lKQzNXMlBEQkkwWXJJN2U4blhtMTBJT2lLMFZDRW82cDBhb2twV3NPalFxOENqY1dLYm1wRDZYclNOMUpWbVZ2WmNtYUdEU3ZuYnp3d2VsZXBuN3BuUXp4eWFRVTJETi9zQ3BDcFRIbXNsTDFsVnBkRkRhMndQRGtpVXdGNVU5NkRLYkc2TlcyeGVLUTc1TExTa0pyQXpWUlI1Q285bE81S3VVT0pHb0xPU2tLVURTMGorSEVnN0I5eGRWZVBCL2JOVmRUWTRmWTRQVGVSSUI4bjJMamNsenNHbnlWOGVsSzJIRXlvUFV0bWtHT29RaUpDLzRZK09CN3ExMlNHclpPNXdRY1dnd2R1WExhc2xvT0UwdW8zbEU2OFlqZ0xNTmwzbCtCV1BaQVFxRXh6SHpyZGV2emZFRFZlZnQ2R3JLdTV6RUhVRTdvdWhSK001MEgvOHFWL05TQktHK1MxNEJZbjBqZGd0Q3VaNGs3b21Kd2FwNElNZGFQRGVralJLQ3BWVUVEQlEzcHdKWHAzQk1qUFVhUUpFTUlZRk8vV080dGRnUXhmN2liUVU0ZG1CTFdvdXkxQ3lSak9HRkx2S3BZNzZpWXZyZGhxYkVOOE9ZblZ2T2pqdlBDaElkWHlOR1hWK1V4Vml1RWZxS0tiY29ZYmdORVZNb001N01uZUtCeEhNN0ZwbGhNc0JCZUVLYUVxdzhvTEx1Q3k0UmViOUdPU1VWbTVQeVQzRS8xbnV6VzJmeG9mcGtxOVdvcGszM3NKdEpvcnBSUFNJeEcxbE5lNWovRXl5NVpQNXdzUGVBUDBpUktjRHZocUpjREh6eG0wVzQ3SVppUTk1YWVVTGJ2bVhMOW1sV2M5alJNOHJPV3RXRFRoR3FpZjltejBKVjV0MGlaRnR2V3E5ZUs1aXZZdStGRSs5a3JHQjUrclMrVnI0OE5Xa3FxenlSWlhWVCsvYWd2bytvOUM0RGhGc3NVT05MR2RlemYySE5lUm1YTlozTG9hVWViR3UrRGtyRWlraFI4ZUc2RTNZV3dVMGlYQi95bVdHajNEZ0lNRUFMRy95VlN4UT0iLCJtYWMiOiIwODZhYzBhYTgzZjIwMDI4ZmZmZWUwMjU1OTE1NjY5NTk2NDZjZjZmOTA1YjA4MjhjZTExY2NlNmM0Y2UzODg5IiwidGFnIjoiIn0=----eyJpdiI6IlRBdFhVZFpVS291WVpaQzBOVWxrd2c9PSIsInZhbHVlIjoiN1BYOFU0RWQwNkdnT1BBU05ZMURIWno3TE1xMXZqSG84ckIyRDFTTXJNTWNVMEZXSHYveXJhT0lzbWZVVThpblBjbDlJUE93Q0dQclJwUFZpanBZNm1XOWJNVCsza3EyU1JZN08yRmJqMllnUFBsdHpZc0dBQ0RSNWVUbzMzajdiRUxoZjYvc1lOYzFLQ1FKWVRuSExRS1BIbjcvQkJsZVJZU0xHY2hYV3RzV0VnWE1jS2NhcUFqRDRveEJpaVJydTUwZlNjd0pVZlpEZThxd1NOZHltQjlhUmRqUXRLWmFzMTJ1b1pscGdHcWdBZHdFVWpwak96bmgyZlorTERqdFdzRVl1VUtKWEI3eHF0SnRkdEx2azhpWTkzZ2dJQ0s2dUJ6Tk14SmpmQ1hmVHk4NXNDWFRXdVhKaHdLNm1VTXpuUGM0NHRwSmxRcUNWVXZWSzZiOG4yNDhXRHltVkVSQmRZOWxjalhJbStXcnpGUUFIaGdobVhlL1ZqVHpkeTh2UERQdFR4QVZ1bWdHSjBnTEhQdFprQnc1WURqQjNiSDFNWW1iVFVTRXNEMlFBejlqb2RVcEhsOGh4ZmVyd0k1azluaEhBOWR1R2JHVk1oNy9vdHU1eTY3dDBCeDgxRlBOWXAyQ0daOGdZZkpPRWpuSEpqZ292Z3BDYUhiNFY3UkFoRTVCRzhOSXY2ZkhRZWIwK2ZYekZQYUZVZlRSSTBDbE9MbU1XOENqWlhrTk1LY3VrNzlKam1zcDlsSHhNa1VER3liTWdlOEJuVU9aWUVqaERvMkJCbUxIUWdic3dacVp4dm5GL2RYZXRadGkvKzdXcnZEWVJKSjZsUHNxQ3VWR21mQWF5NVg4NStXSmtRZnpGSitiZFpnVVptY2FnRkFrdUFNM2pBUlNTSmFlcXdaMkh2MWo3VTBJN1p4TXFuOU4zeGp4QkJjTHIvenluY3dBalhKTnZjdEZ0dGFQTlNvM3Iwb2lXSGVYZTlpQmJsaVo5OW9OZENJb3FtSld2Tis3SlNhRG5SdG5MTmRBcWZvajc1bDNZY2ZIcytxWWR2WEcwMlhwRjdzdTJHWT0iLCJtYWMiOiI3N2E4NjY5MmIyYjY2OWM0NmYyMzEwZjBhNDY4YmJkZTBkNjBhNTdlYTM1NTY2ZWNkOTk2NzMzOWIyMTMyZGUxIiwidGFnIjoiIn0=', 'cover_area,plot_area,plot_length,plot_breadth', 'eyJpdiI6ImxqeUdubzhRTmNvRFdXNThNV1VZcmc9PSIsInZhbHVlIjoic0J0bTJ0Nk5nOGhWMmhwd1krVTRpTWtVK1FVZ2VLWmJKVVpYYTZ0dFBkZVQwY1FUdE5rYzlpcE11WWo0b21GSk01UVVOYnpvSHlvc2NYaFk5SThKays0eUhUd1ZZb2VvRnVSUUh6U1ZjYTREcHJvU1Q4aHdqcDJ1b3EvRjQySnYrdVlmKzYrMlBCTThaYkRFN3NDV2t4dWZaeWdaVVpNVmtvQ3BwUXpONHFyOWZTUmh6eFNqNUpLYUtEbTRjeEt3SzA0TVVlclNGN1ZKdW1oMG9zWjVnK0FXYVhuSVhNQWRFVXhudVg1MjRmNjVQbS83eWkzRnlWYVI0UE5DUmVYY2FleStYcFBmZExhRmk3L0lLTGxNZ1F3MklNN2diU055dHF6K21jenE2TUp3NGRIaVF5amdLSjlFUVppSjdGTWpicVpSTzNzTUVndGZLaGp4VW00ME5JdDJ1RndRWkIwK0JRTHpPSzdpWVlzdzNlOHVsM1UvVmNUeERtREJYMlkxN1ppNGRzM05kbDV1RWprNy9TcXV6QT09IiwibWFjIjoiODdiNTcwZTE5YzNkODQ5NjU0NDE0YTQ5MDkxMDM2ZWVjNGIxODBiNmQzNTA3MjIzZDMwYTcwMGMxZjUzMTVjYyIsInRhZyI6IiJ9----eyJpdiI6ImJiMjZuU1pFbXFETXh6dW9pZ3htZnc9PSIsInZhbHVlIjoiMGNGQXNMLzZRZnJuOUZ5TUFVWHhwaHVzUGlXRW5FdGx0eFhVNENWNEtBV2RUMEdFOVRhS2ZoQnBodzQxZzl3YWd5Nk53QTlPUzJlNWQ5WGU2cmduc0ZOSEhENm5HK1ZzU2ZIOHhiNUhIbGtNMVI0SmdiZlVyZjU2VVpTL3N1TDExMGYwK3ArdXBkdUdLNnlCak9RRnhad1FHeXh1Y1FhSXdwL1FQckpCQU5Ed2ZaaEFJem5XcFdLelZ6OURKOXVsQVlKczJUdnY5RnJwd1RUTHRrN0p1K3BrenlKc1RraTVEWERBM2pYOU1WQ0FzNHBZQlpDZWM0VlNRSWcvMThvczcrK2t1WHNoL0QwY0ZXVGFiT3pqaGprUG1qLzN3RzZCRURIUm8yUGJGQ1JaYW95Q2RWYTNvNDViRVdwWEZSNEV3YldqclhrdTM2SmpoRUFISDNCVW8xd2lOWTdrRW1TcUl3STBEM1ZIdUZWRGplemkzRytxZGM3ZlgyWFdOY2crbkZVZWZtaWdMOWhMTUVadSszeEI3VnZIbDJCN1NyaFd6azFtaml6OXlEdz0iLCJtYWMiOiJkMzhhYTJiMWRiMTNjMzQ2ZDEyYjhmYmNhMzE1NWU3MTRjY2M1M2E0NjgyNTVkMWZhYjQ5ZTMwYTg3MGU3Njc1IiwidGFnIjoiIn0=', 'monthly_rent,daily_rent', '2021-12-27 08:17:46', '2021-12-29 09:38:24');
INSERT INTO `property_sub_category` (`id`, `type`, `category`, `subcategory_name`, `slug`, `status`, `property_location`, `property_location_key`, `location_advantage`, `location_advantage_key`, `location_environment`, `location_environment_key`, `location_commuting`, `location_commuting_key`, `location_interest`, `location_interest_key`, `property_features`, `property_features_key`, `property_area`, `property_area_key`, `property_rent_lease`, `property_rent_lease_key`, `created_at`, `updated_at`) VALUES
(5, '1', 1, 'Land / Plot', 'Land---Plot', '1', 'eyJpdiI6Iit4RzNMbSsya0I0K1pGQ0RMeVA0ckE9PSIsInZhbHVlIjoiZ1RVTHNDSjcyQjZBMUk1UnNZQTdJV0VhdVBaWm00NFpyYTAzTkEvSWR1aUNITFVnNWJ0L2dnekV5UGhucTJGVkVkQ2lob21tdllTMmZZZ1E5RmttN21KaUt1UmltanVtbjNsbmVPRklXOVlESFVJRkNaWW9hZ1hWOVQvUGVnclhOVUFHVlVGZ1VDbGdmcktFNXRRV2tacEsyYnR4TjJwRjcyZUlvV2dzUTFUdE45VXN2emdqeVFFUTFEZmIvRCt2QVZhS0UwdGNvb0JyZ0w0V24zZ0lTbkZkZmJUR1I3REQ4RnRhT1UxMlMyd3JUUEk5T3pjd2NqczNQOEgrZHBib2JhUUk1QmdMSkpuZ2t0aG54QU8zNnIzcWtDemE1Uk1DY2NtYlZSZW1CZEE9IiwibWFjIjoiZDZlMDVjNGU0MzNhMjllODMyOWUzNDBjMzI1MmNiMzQ2YjRlM2NmOGU0ZTk5ZWRiOWM2YmU5YTRjZWM1NWIzZSIsInRhZyI6IiJ9----eyJpdiI6IkpqV0grMEhZY2pNOWptU0JiSU96cnc9PSIsInZhbHVlIjoicFp6YTlrcjVtQlNqNGcvTnNWRVlSK3hEMUYzNkFHdDNqa1JvNkZycWE2MjFlK0ZvNHJteFJUanYrN3JsbUFTU0NmUUd5VnZPRWVkbWRTekhFY1F1QjBkNE5OMkYyZnpmWjdYVGV0YzhzM3NUZjcyclI1MmxGc0VneDhJYlppL0dlL1lqVGpJRzd1dFkwM3B1Q3JUNnk3ckUxZjFwT0xkTkZxTGE3MTJFQ0FDcEI5RW8xNHFaM1RTVnBPcllyTS9rK0ZBMFNlN00wVUh5VjErVzNzMy81Nk9oc3BUNmJGbnpuYjE5Ui9CbjdtcDAxMHVseUJDeTVPTHVFVWQvT2RUQyIsIm1hYyI6IjczOTc5MWM0YjQ5NzhmMWRkZDdiN2NjZjk3YjNhNjU3ZDM0Y2ZkZjI1ZTcyNGY1NzA3Mzg4ZTUyOTRlZGI2YmUiLCJ0YWciOiIifQ==----eyJpdiI6ImhMS1BDMUZtOVZraURRUmVoL1BCY3c9PSIsInZhbHVlIjoiaWt2M284c3c3WmV2Q0FlK0FEd0doLzhLV2NnNUFtWmxTT0E4OG5tSERvbFEwRHFNVktXQ0pVRmN6RFhhOXZGUm1RYlluODF0d3FuNWtFd090T3AxSTdWTkVZQkhGYVdHSG9JbGttd3htTk92Tjh4ZEtha0FTZ29Lak13Z043MkV5QzNzaC80MEExZU1nd1BPd3ZJRlZTYStLUnJybitQZlBLaGtXRUl0QW4zZk9CUEZEdFNrUnJrV1crT1c0WlBhbHZFd2RLVFk0QWpJY0xTMG1nQXFST2RWVnBaWS91VTNHcWd2TjZaZjhrYmV6UkFvWXZRU3BNOEtmTVZSUm5ucVZaZ0tsbTJqT01vMTZRTWRsR3cyYTNDMFJDRSsvZmQwMWZhd28rMjRiOHhhMzdRM3ZGZmpqTFJsWTdsRytEeGoyOFBRdGdrQkVWOWV6c01VUm1HS2JOTCtyblhYdlBQNDNxV2NpSDJYMm5JPSIsIm1hYyI6ImFhNWJiOGVkN2UwNjhlMzAyYTQxZTdhMzhhNTAwN2EyNmFlMjMxMjAxYzdmZGVkYzFhMGU2ZWZlMWE3ODgwMWEiLCJ0YWciOiIifQ==----eyJpdiI6ImNtU0NycXRNQnZUN2hRVk14dTRUQVE9PSIsInZhbHVlIjoib1BXRXFIUDk2WGVMMk9aSFpHK2VmRFNOVGpoSXc1T1BFemZXbGw5SXAvL0NCaEdBajlFTUhpMnJUM1NzSkh5QnRBN2duMVFnM0dBRmhmeHR3bHVQQVVwUmRsWXFRK2R1T2ZIaEJwamdUdldOSVhBL0NLcjVVRjREK3pTSEtNZVg1STZIZ3dZOEcxd25UOGkwNUpSMDUxbTBGckJDUEZQaTJUTXZpcWlqYzdvejM2T0V6dElYUWIrNnV2d0x5eGdyNmxoTXppTzFrQUZ6UysyK0JWZ29tVFRXeUZDWWlHUDhXZUlqTUJPMmwrd1I0Z0x6blhnbTZGNklsZGZIK3FOMWxmMHYvalQ4VzBuV1kvMWQwdEhwbDR0NTBmSElObEE1TzQ1SzBRL0tFL216WVFUZ3owU0tRYnNWZTVnWTZabmRNbVpmNUNjWk4xNEoyeENiUEh4aERPN3BVazRiMXVFcmgrK05XQmxPNVlEaGNRNHF5bXVobElodUFHVHhyZjVUIiwibWFjIjoiZmMwOGFiYjhmOGJmMTNjMGY3MDExYTc0NTU1ZTM4ZThiYjI4OGMzODI2YmY0MDFmNjBmMDc1ODYzZjcxNTVkMSIsInRhZyI6IiJ9----eyJpdiI6IjlJYUZIcFdZWDNNTHdxOWNYTTJuOVE9PSIsInZhbHVlIjoiQ0oxanRNUjNaQVBTcTFJYlVBZlV5ejVzK1FhUU8vQTZjeHp0NnJUREZMSXpvY3VDZVB0aytBUm14ZlF4WG5nc2dLbkxOL2xzUEtKZWNFRDg2RFM1d3FFamVYeGdYaGIvYVJFMkx5emh5VU04aWFoc0hjbE93b1Zlc2IzOE1hRDIxL2xTdFhGSGZmWXV0OFNqUEc4bWVCMzc3aEFEYzRadTBKMmZKZW9iZW5ScXVNS2ovVTFiMGlrdndBbHFwbUs0TVBNdXRHTnVrSVZZYk9FUzdXZkQwQzNRZWJQdXl5U2hMMm9jU3lqQitJSk1ld2pvTHdadkZ3RklNdURjUGVNSWpxQ3Bwbkg2MUEzcWZRaEduSlZEYkFLMXVLd3lIYnprTzZseWYzSzRDSVZrWVpsRXVtMzFNTkFvVGtkYWJjOEwvTmtBUGRkWWhrcUhwbW5IemlWeWFvdEpRY1p0Y3NGM2JTNnl0eGx2NU5oWTU1UFlQU1pqV01IamJzbXJYSk5JN3ZpT1JqMEcyMFgrTHhvdHR5NnhDUWNpQ2hvU040QXk4Y2ZWQkNZanJZQjdVNkZmWFFkVzJEMEJMcVdCL0hxRHdvR1p4bUowUWZwbkt2OWhDRmJ4dmU2cTRjMEwrNjU4aUt3ZWRGRWE2eWhkNWs0L21PTmhvY2NaWVByNStiVFdxL0t5aEY1Zm0yZDk2OEo0VWw5MG04THVjNjdaTGlRcWZQWkJndVA2ZS9MLzZNZkFOd2dYR3hqNnQ1c2xwclVXeDZXd25sNjF4Wm1KWml4bVRFZ21vMmhZYWFLdGRha3JCSEI5Kzd6c1RDTHdlYTVDRVVMNE0wQmY4Y0hvVW8zbklPKzg5eitGWE0wTm1sMmZsZktjVzR5Rnl6MzZRcTBDV2plaCsvRFlyQTBOZ3p1d0Q0NzJKMW9CUTBkaHQ1V20zcWt4dHlKbXpuczIvT1dwMkRoVkVVczBIWVk5TmlNVStkQ1FkUkdiWWhMZkRXWmJzbjd3YklNa0NyeWk5c1ZMSGhDVGhYaHBxY3NYQWhtRDhIZFczM20ycTZEc2owNjZVak1iblJCVXlVRmJEUlNEUkFJQ1QrWjNqdmdQSUM3M25qSVRJUmZZR0J3RVB2VFNvYUtWUkJUZXV4eFlvU0ZvZ1N2c3hsNFVCd3hqbzYxSURpc3p3ai9NZVVUMkRNTmh0WnBJMXlMWUI4Z1hONHpPSVZUTm1OemxyTXRLRFVyUEFuc29sSEVQN3N6SjRVYnliWmNtbUZQSHVUOEFteENEa3p2RkVNU3ViWUJzVGMyRC9Hakk2RldNVDhZMmJiVVdBZXV6Y2hJOE9FZjhESjd4dHNDTXFXTU5KclFVTDI1MGhnQWtIZWcyQmZRblVtcGtVVm0xWnJZR3dIN2ZJZ2JiTEQ3b0N4U1dyR29ady9JS1FhYy9pM2JvNkNkYWZJaGsyZHg3RmU1THgvbkI2UldaajhtWGlWRitoNWZJZnRLakIyNERadmgvcjlqUmpJUnNVc29JaHNIcnZXSlJhcWVZRW5XbklJRlN0eGhrd1NPcklvTVdmOU40VmFaTFo2M3Y1dTdyb3Y1WnVOWlRBcWdxK3k0WFJxNjFNRlVLZ0k4SWxBVk1JblpvMldYZTl0dU9yZ3JMSlhGbmVWQTJRczZGUlJ2U0xDMUp1V2xDamtXQzd2ZnhLQkNvZGhOTWRsVWlNcndQRjBSYmlDQUYxZUhFejRjMVBiUHlvR3FybnV5VURBVWhUUHV1d3kxMlRxYlc4RndaUUtmRUt5NWZkbW5Oalp0UEVZOEpnTWxzNXV0ZFBSRDdmdDIzbHZKU3FRR0pRWEVvcTA2WUswekJ0RmdQYkQ2UjV0SUZ1dDVTZ1BkRFZQb0EvOXNzYjhSZzZxUWEzUk5FZzNEOUlBb0ltM0puNTlyeWdXaG5zUDNQL3ZDb1lRNmIrTmJMUFgrWkgyajhMbWNPK1p4aUE1Wk1VbUhmc0FPbmtzc1hvT00zVFhPMnE0UzhCRk44bldzTHA4R0NPdVk3NkhPZGRYMFZEcDM0OXNJdDRrTTNnVXVveXFxUzJMV05BbW9zYWNkSmtkQXBJTDNJWjVGdnRTVjFLTTZYSkwwWDIvdVFRaWxWVjJsNXNBcEVsSXVESmc4Y0NUWjJHbmNmMm84Z3VBa2RIWnI4c3hEREhkWDNzemR3cWlOSFFadEppTklqTGQ5Q3FTaFllRkduaEV4M2FIaE1UeE55QjkrNGdYVUowekp6VU83RGlyRmJ1VDNBOHhvWHlGWFZDQlpFNENlY2pyN3Y1bm8zUm5lQ0l6Q2pqWHpDMUV4OW0wWVFaNWIzZ3dMZGpkRG9rcGdORTBoTzVUNTNzdm9kaStGd0E5Z3JQQTgwNVljdSt4SXZIRXpFRnhIZ2FUREQ4Y29xR3U0MXFqQkdXNThwUkNsejQvWDU1NUNhN3ZwbmR0QnFuTjlkTzVRNUdQVVUiLCJtYWMiOiJiZTNiYTE4ZTFkYjU2OTA0YTc5NmE1OTlkMDMyNGI2YmRmZDM0Njk1ZmExZTZiZWIwNmNlYTQ2Y2U5MzNjOTY4IiwidGFnIjoiIn0=----eyJpdiI6IjlPZ2F3NzVlMDUwSDE3TEVEckdROGc9PSIsInZhbHVlIjoiczZrRWh6cW5rVkkyc2doS25VaFNnMDdGNkhheXRFRkxNcXR6eGV6SzFCbys2ajNiSHM0dENNVjNlbmU0RUxPTWE5Sk1TSDhtSVVHL0psemhpQXIyVW51MEJOdHdzM2xBcWlEQTBRelVkY0dhZk9icTd1QUVxOEt3L2phaFAwUWZvSkhRUzBIbENxVjMrRmxOZzlKUHRaYkF0cDk0WkJQWTBxRGFZL1RSK3RxMnBhQyttVitnVC9lM09GZEx5NkJ3bkRzRHBMdDEvaThHL0FYcWdxTDQyYk1nVW1lVkFhTldxLyt3amZPby81ZnVIYjhJdFI3QUNoOThlajZQbXUxMW1va1RGNkh3K1ZJeTlnNG45VDh1Ly9GdGRBcUM3akZwYngwTFhMeDJZMERCbCt0QzJRdCt6WXJIMjlzUlBvNFgiLCJtYWMiOiI4OWY5MTc2ZWFlYjE3ZjRhNWE3OWE4OTIyN2YyNzg2YzlmMTE4ZjBiZWQ0OTYyMDNkYzU5ZWU4NjI4MTM2YmI4IiwidGFnIjoiIn0=', 'property_name,state,city,locality,land_zone,near_by_business', NULL, NULL, NULL, NULL, NULL, NULL, NULL, NULL, 'eyJpdiI6IkJ3TXByZHNMQXViTmluN25GeWZnVHc9PSIsInZhbHVlIjoibU1heHNBNzNZdDF2bU5sNWloQWNYYk8rYXR2dXQxdEIwSXgzaG8rZks1QkJYVVVpYXFUczAxdDR1c2RnQllkZ2JkTUdvRldsRzhoc3BHbFRjUGsvcWVic1pGb1ZHTUhyb1F6Ujl3anVpZDNLZThIa0dMbUwvRGZEV3dVem1PanZZVnlodlU0ME1xdyt4czFtUE5XQlAxd1ZQNVNXYThuODdwTzd0QlFWRWJ0bDQ4SHpuTlN1aExOT3FSb21RZGJabHdZVFNURm5jbEVTaXU1S1Q3Rm1GOCszQnBsZHFtRVlIcHFYbWd0c2l6TnFaQzViMldsMFkwYjFTNFpBOTVkbEJkL0NxY0xab1RhUWp4WGVQU1ZjTTEyTjNlcVkrUE8xNTlrR1BBK3ZtOEhZbmxXUWhjSnF5NTZvUHFRTGZtdUhhVTBOWHhwNHYyN09HdzZRUkhBTUk3R0lHVWlQUDRLRnQ1QWlmVVM5c2FJNFJKRVVqYlhLYmtxZno0UVgxREFzTWZleFo3d3hJbU1jRUxGZ3YwNHpsTWFubm90c245SHBqK0cwNTJ0bm9hMDBieXlPbnZRakk3S3psMG83Rk1ad2hFamFZaHBLY0NhQXU2N01JUTJvRXdSaExBTG1yUG8wWnpGb0tuMzVZZEFhSzNGMi9jM2JUd1pxUVFLbTNGYmR0NDlBV3VpS29tbFNOZlpUUENEY21rWUREVlQ3aUpQS1lUeTVYRUZleURZZmRSeUpYQzczMFBGMm5ZVDEveWZEblN0NFpZNVJlWVA3bllnNW02d2R1dnYvb2U3YXU5TzN5UVJJcnovSys0QzRBR2s2NWU4Y2orWGlGQkJjZlk2RjBxbkU0a3VLMkFEQXdKVHhIdzJweDJrNjZpRHM0L0Z6Q3VOZWlzSWY4NFprRmtiWXVWVzFjZDZ1dXp2czExcVUrb0VUaWkzSEhrcWxvb2YrUG9Rbmdoc1VOaHdTdFV5R1dudU9jdWRIQ0ZJMUpJRE9IZDBGdzkxKzZmeTlsdTFJQll6YzczSDRaTEVyT3RxQmFwM3pKWklVekVPcDJEOG9qMVlwclY5WGpldmgrNm0wVyswcHhoNWNsaEtKQUhYR1ROdlhHTHQ2SE45L1RiaFk4Q2VUMEE5S25QNkhLa0FmKzlLVlNVOEZSOWpQeGxZY0VzMEJ2Q1RSTUdST3psRUJSSE5jcGNKYmhmSkk5MEtINVRzVWcyWnJoYU90SGh6WkhCS1BVaEt6RzNrWFV1dVlKYWtwOE1uZnRhbVJMZFVXbFRybTNLMGlTeVE1UHB6OEFJTGUxNW1wa1BsdktCd0t0YnNGTXpmWVJqN21tOGdLRnBJWEQ2cndrejllaXY1K2NVSkJoQTd1TE5KL3VQclVScmQ5SWRVbU1EZlRVNzZMMW8yY0dsbVZhVFg5VHJaQm10ZXlIU1ZsWHdWQlJYVkFmU0xpWTVKU0gzOXVjR2lyS0hnYS9tQkRkK20xek5HM3c4MzJTeVV6RnlZNWpCUmFCbmVESjN0OC92cmRZQjhMUGVJdldYN3Exd0lMVXlObGtxMHk2cm83WCttYnFLeUFsNS9JVlh4SVJQTT0iLCJtYWMiOiI1MWMzMTcxMGFiNTk0NmI0NTMzOWQxOTUzMGM2MDdlMzdjYjgxZGFmYjdhYzY2MmYwZTBhNzUzOTc3YTA5YmY2IiwidGFnIjoiIn0=----eyJpdiI6IjZHR1g4R2pzNjR1eWM4ZXBYa0Y4akE9PSIsInZhbHVlIjoibDNielRDNWVkeVFqQmNuQkdWTUxPLzhRdmtyZGtZUzVDRnFSVWlkT3lDdElwdkRNMVkzckZxeEVhOU14ekRYRHoyYTRwUGtDQ3FjdXN3UmlOYlIyOExKak9EOUN0cU5vSzZuVDJtOXU1NVhnWDBjNDRndnIrVWN4QUJVdHNPL0dNWURKT1lzelBBNzM4dWhtT1R1Y2NKbUEzQjRqTXdEQUJ0SXd1ZkJyejNrOGdRNzNvQkFpcS9uSDRJa0g2VDJDMXVUR1pwY1ZuK3h0emgxL2NCVERlWU9PSzNiNVUvQXhNNUNhR2lycGsrdmJFRWd5RHlRaURVUVRPRHZ6WDJubkRmRWFyZHZBdU45Wk1ZV09MTUJyazcvN0NJZ3BiUTVDZHVMSUlGeEl1MUpUWHFHK3VOZlI5TzlRQ2tTRjNteUJoWW5DK1RZZldjTVBjblpDT1RFTzVJWm55cVQwQ0tYYXZZazZ3NkppM2Z2WnI2NEFibEJhbUpJRE9HUWZpQlp1M2hRQ2ovaEJwaSt1V3NJQ1dPcDFmYzhWZ1lKL1Y1ZlhtNkFpTkVYS1ZYZ3h0R3FMZTVGZk5RVlZSWStiWXZSSWpFY1VPWXZhVk1VNXJUWXFPUGFyZVdkMitqVk9EYmp1ZmZZZU9lUGg0YWM2TXJHS0dFMHFXL3NXMFJwVWcwL3VXTnB4dGZtNkYwL0J4bFFjKzNhMEtHSGRBNjB6a1JLUG80QnlJS2hrWGhEcFVTK0ZWMThSUWdpWnEzZno0Z2ZVVXE5QUhHVGoxV2RrVGYvbWRBWEVjY1Z4OUsyN0JYYVVhQ0RsWDBWVU1HY1A1a0tXOHZISkVSci8wRlVJNVFiT2x3VFZMNWVTY1g1TDhzaW5BaXErcUgzZ2JYdVdHUmRSUE4waFF6SHU1c092eXRpQ2tuU1NwMUxvNVZibkhiT21jOU9aOGZadU94OTZrMWpHa3FmVFhEMiswUUxzb0laT1ZDamxGaHlZcE1Bbjhrcnd4V1BjWVZnSWR2Z0N5Mm9uckc1NUFiWEZWSVpNbWFLRXc3cjUwb3FSL0ZTZkVwZXd3WmpHemUreVJDelh5NHNJTm9EcTBtUlJwdlFFaVhoVnZFa01SdzZSS05ReVlUR1VuV1Y2eGc9PSIsIm1hYyI6IjdiNmIzMDhjNTE5YmJjYTIzYjMyZTMzZThiMTUxMDlhMWJhMzUzODcwNTM4NmE5YThhMTRiOWUxMzhmOTVkMTgiLCJ0YWciOiIifQ==----eyJpdiI6InhRdnlpdUFHZENmS1QvdDV4WUYyU0E9PSIsInZhbHVlIjoiM3NmSHc1eGVITlAvbmhOYXpnTSs0Ukc3T2pzR3haTXB6OHFGb05jbVFZSEVNWmVBRHRRVXVudlc2RzNZQ2JuMS8xa1F1cFI1VzNCaWMrUUgxOGZLNXJjbk44a0RMRG5Oa1BYMVR2Tm9scFVmYkk4S2RLZEFBL3BjYTE4S0E3SWpoNCtCbTdmblg4QUxORkdjZjVLblVtR3RNQUNwenV4a2RWVGcyaE1Jb1J5dHcrRUVkMUhQZ2dJTS85YmNQOTFHK1pVSmlkQnlDN1d6N0wxVC9iTFFwODBmZjRubVMzaXBXN0VVSVJrTXdnbG5panE5aWRjT0tYYklmemQwNGN3QzhMSWJIZk1UN1NMNE53VzdnRktFZmlReVRmZThDUUwvZ1ZWSlU5Tk1kSGRzbm9JZUQ5bTBZN1hremhObGNwWmV0RlFuZnI4NVltdThVMU03NUNEMS83SHJvYXRnR1gvcHlnRUZxaVplNXpXMzZFVk1uL0NGV1NSTGI4RzJJcUI1SE9zaEdPcW1qNUo5QkpUUXNKM1NWditXT05RcjR0T3ZoRjRFd3k4RWhPSlNrZUJZSWRtcmY2RDFjUDRTYkJnSStIMUtRWUdBeGtoaTFpcnNJY2VMSkQ0Q0QxZGE5TDI2UG5FcElqMkt5S3dsM29Ga3cweU52dG8wT1ZPQmYxd3hkaDV2NFNhYldxa1hBS00wZkVuaUJKTkpBZFdyUkpMcEY4WFM5eUZjZ0UxcFc2V2RZdU5nYVVEaFpFTkhURVh5SjBOTjNUbk0vbVpUMnZyY2xZaFVIcXdJbnowS3paRjdOTlN0NGtoRTF4R1p4bVkvWDhONERycHpaREFJa1pjc1Q5dmgwaGYwcENOVFkrY2doSmVHak9BUXVUV3lmL0pkdklmTWZaSWZBMzJjNEhpUmpUZ3pFNWRHRkdyRVJHb2RKK1RxWmJFUUxWVW1rQXFBR3owOUxiNUsvVnN1blkwVTVWMGJuWUNpVGxtZnJXQSszMFFKc0RPL3Q4ZmZXaDdJRnVGV1lHd21vQmVyWmwvcDVNbjhTV1pHR2hVaXlCS0grdzNVd0hzam5VVytKYmVSdFM5am9STFZYaUQyWHZ4OGlXdm5ON3lsek5rVE0yd0laT3Fsa1AvdFpyTVNMcjUwa1J6UVgvQlNUaXk2dG1IeUJuS0V4TTZoZTVibmM4WFlyTVFmLzNUTnF6SDUraHVzSzBmSGRBPT0iLCJtYWMiOiI5YzQ2ZmQxNDY4YjEyMWY1ODFjNjM5Mjc0MzRlZGIwNWIxODg5OWNhZmVlMzM3ZTNkMTE0YmQwOGJlODA2MzNjIiwidGFnIjoiIn0=----eyJpdiI6InAvSHNSMTdUSFBRRFY1OGxLTCtoM2c9PSIsInZhbHVlIjoiUnRyaG1sWmt4SlBhOVlKamU5M0NTMkZ0elJzLzhjSzViTytidmdBZlpodHVJN2pSTDdwUDdFZ29Yd1ZOMU5ZT2pPM1F4eEFndDRXOHc3Q0hOL0dDNy92Q2QrMHMxM2VLbzN5NW13d0s5OTBuREd5WnhrNUJxdHN2R1ZzQitWaVZ5WmVFY21xVnZPY3lLcmpQemwxbzhkRU9PelJ4THR2VjdSbDMzZVZ3UEZUbjI4Um0rZGRaN0ZtcG96NU5HM21pdm0xazVZK0RuNGJSdGd0S3dQRjFQb2hKRUVaYWEvNml6L1ZWTHphT3dSRWlDMDN2VkdhSGxkVUw0bEhuZDlOOFlIZ0llMFZJQ0lxOWQrUWtLS1ZsSGNocW1JbFlNZWpCRUVEQlRKL3Jpem5SNjdEL1BYUlVkdG9pa3JkVW9ucUt1VFAvRUNVWHlobzd3ZmdUYmVoOEZUb0xRUEVPeGVZMzg3N2ZXVDNlbUVBanVwYXdYcFlMa1poaWFGdnNHZTJTVFU3VnJRVytPSWIxaDBIdHZQTllEbllBVUJzdnZMdXp1NjBIdFFzMkR3MGtQK1pGNGVHODBSRzNaYlR0WVAyaUNVYlpvMDY5V2ovZzhtdkJjaVJ3a2NtcTNvdGVucTUxU0VReVExTGJ6WUdhaGpUWHZVNUJXWU1jb2paSXBPOEUwaHpKTm1QNVNveEY2dXo1YkNTSVNvcWlmQmVSYmtJWGd2QnJCK2srT2kwV2xjMVF4cFFWeWdjb1YzNFhCR0JxbjZta20zckdma09ya0FyQ3RLNmhzdStHd2hTMllhRzl5ZXd5czlKLzgxRXMrQi9SZlhWenpFamMrTStPSDZKbUErMzNPbnB0eTBreXN4RmJLUkg5WVYvaFVnWmJkRUFrczR3dHZWYXZSZjU2VUxjVjBJL1NzcnhGdGlaNTFYYVMiLCJtYWMiOiJiMmE3N2Y1Y2JlMTA5ZjBiZGI1NDZmZjZkYjIwNDA3ZTJmZmFlNGIxZjg3ZGZjODFkNzdmZGRkMjU3MTgwNmFmIiwidGFnIjoiIn0=----eyJpdiI6Ii8zREIzYVFDb3BRVW5wTks5REl5WVE9PSIsInZhbHVlIjoiWHROUlRnSGozTWdreTFBMTlQTGhoUFJUR2ZRSDg1TUs0eUZFVXRLZVhlYlgyYURxQmlTWVdEVEc2NGZrVytiZDRTM0VNSjkzR3hWcE1BdWFPQmFJQzBJZHNiL0FYRTVzbWVLbHhrdXVTdlVoTVdsaVNlV1pkWWVISGpPTUFyY3Y3NU1Ic0JaU29sU3RyODhsK1JaZnhJWUlkcFhpMFoyOUpaT29rdlZndzhrYkJFNDVBcUovS0g4Zk1CYkU4K0tiQmJBRDlOcnpoUjJIaTZUekxaU0NwMjFuZ0hoc25CVndlOWJqZ29FbnJERnA0N3JsbTIvY0dxcHZiaDlybEFHd256L0s1SDRlRi9DYy9vRTliUzlZZy9JR0FDZEEvMjV6RW9PaTlHY1N4cThTSURmQkRrK0k5dkZzUzJTdUNkOFFvc1JmM0hDbTIxaVJDOFF0YkhCeTA4YVF6TFZ3bE01ZDdNVzNyR3ZxQlJwVXc1dFBPQ3ZsMkEvR0NQTGtucGc3ZXlNMDRTTlpjSzJrL0pYNmdETitUWGZyaHdPZ1huSFhLUjdmQWNLalVSUW01WWdSYWRYUG5BRjdXVEYxeEE5ODZ6STR1ek8xSGQvc1NIeEk0VXBEVnM2MTlPLytFTkYySGc3MjZBU1gwZElFMmNJZmdjK3dSSWVlZHgvVTlBQ0tzcHczUzZuYlBwMGkrVWVFcDZQMXNpcVRwNlV3UDB2SVdtYVE0ZFBEUU9TakhBV0ZzWmhOVlFRWkc0YjRvcFh5RHRhRzZJOWpkZWlEK1Q4RFJhU1BKOGJ2QkNLL05KcW01VXdWS2dPdUFyemRsVGJXeHpTVEpvRSswdlJPSDBNdm55NkFDL0d3SlVTSzZodXB5cTFuS3FOQ1VjSzZPdVArb2YvaVRVc21ZbThXN2pZUVR5OVhrZkw1RlpWSnpWQXMiLCJtYWMiOiJjMmY2MmMwZTg3MTM2ZTYxOWNmMWViZTAwNzliZTc5Y2I1YjM0Y2JjMzZlYmVmZDgwN2E3YjBlNDcyMzM0MTA3IiwidGFnIjoiIn0=----eyJpdiI6IlA0OUpqZ1ZReVFMTDVwWXBIa0hPcnc9PSIsInZhbHVlIjoid2tZS3YwcHJXWjJFVmxaQVp6QW9UazBNT2gyMnNlOFBKU2dGYXZVUTFVMEJlN0g3b25hcTdzalY4ZWVjdEx3L1pSQ2RGbWIzejAvVnFQZ1R4U01EZSsvQ2ErcnNsb0ZwTUlBYWUrWVFBamNtM0JyQWIydE5YTG1VVXl4aWk2VFlseE56ZTBwQTgvaFQ1dUsrTzllTStFVnUzZTNRbHZBU0FvOUxJRzF5M0JYb2NpWisrSXpWNHFDbVVUdHJ3Q3h5QjNyRWUyV3ZUMjhnRFdLYTlQUmF1bHRtb0ZkVkxQN3lIY2FLTmdxSDYwM2IwTVl2LzE5Tmd4NzQ1ekRUUWY3RHZiZDlmQXVQYkpFTHM2Sy9nb1Y5cklVT1pzZFFGNGNVdXVhUkY3NTZ1Q0x6QWVKTlRmWkMwYXBIQjhJeDBHcUJCYnZvd0Y1R0ZXTEUyTWxtK0lwWXNCUWNkVlkzR0RzY2hCWlFTTzJ2NUlWc2xyKzkxRmJKbHpwQzhTNkhmVms2ejBzb0IwSTd6SFpIcU9JREp1MStOUHRYTmRmNTMrYUFsSWIzN3g3c1NUcz0iLCJtYWMiOiJiMmQ2YWIwODQ5OWY3MjQ1MTNkZTA3NWE3ODRkOTllMGM0M2E3ZDFiNmUyMDAxNmU1NDQxYThlYTQ1ZDkyMGRlIiwidGFnIjoiIn0=----eyJpdiI6ImpFMUhVSzFLeUxCUlNyVjgvMkJqdVE9PSIsInZhbHVlIjoib3NxeHBHUm1sdkFhYmZqUWtSZFRpdGRIOVZhTGJDMUx3VHBvSWFnT2xoYklWSnZOdnVGby9HNjc3c3NJbjBZeWFocFlKbUY1c0JaYWJubnRGc1I0QWZ1WWpKblovNmYwL3FkMm9aOHNlbEFDL3FQbXpVUWJkYU1YdkJPVUFQSlJDMVZDa3lqQ1hqaFRGWThKSzNoRGdWM2xVQXZEc29GYTVhR3Vld3M0SCt5dllYVG5WM2p5MUo2T0lGNWdROW1JeU9kODJ6RjZTTTJXdERrNXdTQUJ6NnJFeUxubDdKbTlMYTFGdUZidFd5VXpQYVFIeWYrN0g4aHErbThoK1ZIbStlS3B6YXVKK2s4WFBLNXkyS3BjcUZWWjVHeEYweVpscWVFNUdKbDBCYzh1L3hhdzVtUVJHUi9qMXBkMXRiR3JoSDhFZUsvcnRNR1RGZmREd0g1eS91eVRPM3NTbjZLQlUvRUV4aWtVZjlzVTVvM0ZDNDB4WHkzMEVIdmFCWTFjaFM5dTJpbnRhczdpNkF0S1g3VGpnRWdmekwvM0g2YldpSGxSWXY1dThjVW82SVBaNUpUdjd5L2FtenJBUnI4eU9PZG03WWNRSW4xTjRtODlYbVNNOG1ud2ttRm5hZk9ZVlpCYTJEdGNnYWgzNmROWXBldUlSM2dQTFg2bjY0algrajd0YStrR2tTbmtLNy9Fc1MrQlU1NklpTFBxeU1mdjdlSExjZmU1eG5LZlhCY2R3dmMydFFyVTNORUh4NUJPMEtCb2dkOUV3eFNibFYrTmdLUzJ2dTZqR2I5cnFIVlNXZmErcHJPdWlod0xDUExncy9nTUMyeWJJc3pkQmREL2g4dlFlQ041MkRsaFQzdnhhRHhmVU13VmNuU1k5TWd6aEJTNERrMVdKVFE9IiwibWFjIjoiODI4Mzg3MTJhMWFjZmZjMzM4YzMyYmJhZGIyYjJkMzcwODlkNmRlNDAyYTkwOTMyY2M0MTI0MjNmOWIwNzQyNSIsInRhZyI6IiJ9----eyJpdiI6Im9lQm9oK2xOdytGS2FJS0lKb29kSlE9PSIsInZhbHVlIjoiZVJKaUxMYXFUWFJ5S3JHQmhrcGVIMmJsT1I0b0dmMENDQm9kOTNmR2owbC82UEszQU16c2RscDhSN3NXNmhQeVdLSGNUbDBCNVl5NHAyRnZGMUtZait4ak9CRjlDQ21TMC9SL3hYS0VhYit2VDZCR3RWY3ZlWFd5Q29ieTNlbzhFRzcydzM1cjdWNWU3YjI1d0Q1bW1WYWU0MU1RUmdSa2QwdGl4MEVIMCtLcVNzYUhJY1A3RE55N3FBY2dDMUJGb3hJdjZzb083R0RvakZYYllkSDVRN0Nrd1pXbFNTZjhuMTdncU9IZ3YxRUdVWkNuaVFIbVlXSHhHTTU5SHN2L25Qbk44clFYWGhIcFViRFJZR2QrbHE5aUVNR0d6YlRhQzFnS08zSWtzRmNqN1F4WThQaUJ2bjZiWU5ZdFBDVnJzL01IZk50MVFQU1F1bXlrRkJTUGY2K1IxL0FKcWkzZllHbXhyRDZYMlZOV0ExblNzbzNReXoweFprSGdtNUc3bTE1bUpTUWpiL3EvWWJlVjJZVmh2Ty9RU3ZEcGtzWko0MkVsNnlmSFdTWVo3S1dEK2N5RVJ3Qk5keldhQnhaMlQzSFNSczd5TFJ0c0FneHBNWVlQcGg0ZU10bm5HWWhYcUNjSU9PYllCejhxSVByakVFUlpNd1N1amF5UEhPK3dlTXY3d3FnRTVWL3dkR01PN3NVSUUvZlNZN1R1YUFQUHUzTlRUdDlubit2WUMyMUppb1UyN2hEOThxY25tdHg1WVRmVkZ6eUVqRlZsQWJqZU1aNkNIc3JiVWx5N0xlSE45aks5SFpGeWFpV0VobCs3TGYrMEdmaUhiWjBMYUVUL1ZUTFM2UWx3M010alNLeG9KTS9sOEZKZDMvcTRtZk5QVG5ZdkhySUd0M0E9IiwibWFjIjoiNWIzMGY1MTQ2YWMyMDBjYzBkZDJiMjIwYzBlYjUxMGJkMzZhNGIwMmNkM2U4MjA1NDRjMDM3MWI1ZjM0MGNmMCIsInRhZyI6IiJ9----eyJpdiI6ImFjU2sxZDVqV1hzWVRidWV4cWo4Q2c9PSIsInZhbHVlIjoiOWJHV28wWFkrVzc3WHpidnBSakc0U0FYNDZQWnhnUlNrakNNcnNBUlYvZjh0N0UzSDN6OVRsN1k5b3hjSUdlWWFFMzlXTnJFbWdwSEtUaTZYZjJ6TnJZZXR0NDJoSExaVk9ONVdrSXBJY3lCTno0Ym15QXlNUHpaVU4wT2FQekRoVXUrcE5EOVBnVW1kMURzc1JiSWgweCt2ZHZiNy9ydjF1eFhyK3lsN2lEYXlQcW5jWm9LeG0wd0JUK2ZDanFlOUhld0pVSFd2VE1ZR2hnUDdHV1Vac1FmSGt5YXNBdk1tQ2E1UnpCTU8weHBpeFJEYnRDcGhOcENHWFEyOXVGRXlVOVpSR3ZJVGJWSitlcXFVZ2lzUnVvSWtlR1U3cXEycDdacGtUL3REeFRUL2dLQjl0Um10c3Q1OVp4dHIvSDFSamxpY29Oc1dkUWxVbEUvR0ZZL3JNcDlDb24yWkZYOEdPUG0vYUNUVWhwOTM1SkRpVVNyckRLNEtmWkhweVNkb3JPSG93eXhSdWlmTmVkeEZNTUk2ZGVGZE96RUNkaTNVaVRhMzhFUDQva09pbXRMbWRMN2ZZYmtJdjBBZWFPWmp5RjdBMTlRVGVYZTJiRnVwclRKbHhnQW5Nb2hJV1lYbXhhMU5KYUgvamQ0U0xBTEJ3QVd6Q1BwUHpPcUVMUG5lRTN1THRMazNjelNpZFBsclVsSUljbUgzaGppdVdZNWRJVEM4ZUxPMDlXU0RMYSs0MFBBVEVmODFsSWhmYXhrRTE0SVdpOVJnZitncGQxS3YrRzBIWGs4elJMZGFKd2JWRVdVZHA0bElwNzUwdFhKQmo5OTRHZS9hTmxFdU5MSCIsIm1hYyI6IjRhNDBkNjgzZjZmYzZlYmExZGYyZjg4OWVkYzkwMTI4YmFlMjUzYzZiMDdkMzVlZjVlMzk1YjIzNjNmODRmOWEiLCJ0YWciOiIifQ==----eyJpdiI6IlpBZ0J6WFIxNDlkOW40algzcER5TkE9PSIsInZhbHVlIjoiMWg5SjRKenpqUDVVYk9BYkJVS3Nyc2FhUHJKY2tyQUZpTys4ZlZKb0hZVVZsUGJoQ09jaTJlMVlnOFlxZ0crN01kNlE1VWk2TWZIRWJoaFJxTjNSalRtcHYvUm01SmlLR3l2ZFREd3dtTndHbjEwSFNZeGMxUmtFd0g1SWEvdlNyR1g4eXZ4R1ZQWHlDN2VQcVRITVdtOHBqOXRaMUEwM2hHUHRnWFR1UXdUNUNoUUVkZWNhSjJaWkJqbjlyOTVpb2F3aXlNa0tKQlBsUSsvSzZDSG1Dck5uUE5mL2hHVGtYSmZkcWI0aFBxUmh5cHJiNzhpQ2g0R2FLOEdPYkJVVG5wMEMzNWQ1T3QwRHc4STQ2Nm1weUowWmFrcUZrd2FaMGVnQVM0dXFQcXVyRVhZYnVRWXROc3BYZzBCTmQwTGxjWVNSaStEK1RpdFQ4SkpGNUZFQ04yamRFM3BiMmtpRzRGNEVlOVdPSWtGVTBQeHFQWEhVWnFzbVphQ2hYak1RbHMvK0RJVUxnWmFjblFrYkhNd0lYd0ZxYkRlelZqR0picGxSejdqUHpUaGZJV015VnM2Q1JFdFdLdWRDZTNDOXV5QzRpZWpHanhHM2QyRlBwRnZoYjVhNEV1c1V3RWNtdkFwdjJZZytZck1BR2dRU0dRNjFKdzVycXYrbENrWXBJQ2tMUExqTWMrejkvaVZDalBQSTNLbWFMdnFkU3h3QXloT05OMTMwQytLaGVmUmtrbTJTRWhyaUpyZFFEZ0JVRnFJY3NXT3Ivd0pxQ2UzOFFsWHV1bUVmUCtja0t2SzJ4S2I3WDFNbUhBWlBIaUZXVjRNY0FKV3Q5RWEwcTN6UFVOeC9vSmpSbGJrV1hJY1JlUFdmSmc9PSIsIm1hYyI6IjY3NzcwZjA3NzBiZmQxMGZlZmMwZmNlZDBjM2Y1ZDhlOWE1Yjk1YjAwM2I4MmJiN2U2Y2RhM2ZiZjM4ODMwZWYiLCJ0YWciOiIifQ==----eyJpdiI6IjlmNUpydUNGamVSbHl5eE83aFN2VkE9PSIsInZhbHVlIjoiQjN3QnpnWmJlV2U1ai9MeUxlMUhFWmV5cGMvOEpZR0diSWVPMjFWcklkaCt4RSt3SmtlMSs1aENoYnZPSCtKMEllWUovNUtlMGxzRjRtSklXV1ZFcUo3QlFVQjh1eFJ1R0piZXUzTlN6ZjY5NnFiU3RnWGR4M3hCdVdpb1MwbDBoTElhSi9YSExTM3E4WVlMUTAwbTVXSWlnUktXUEVPZ1dmcTRFN1RsaXRCSXdOdkZqVForL0QrT0YrTGgzRlR2MWFqZVNlQkQrR0pRWWNCR1p3NVlUOFhqZmVRZTI2S005Uyt6UDRJRzQ5d1ZFVVk4NDdpOVNDWE5NemRYeThNT21kSnFaWTJMdHhzSGhYQXlwdXpxQTdWRlczeWhobFNZa1dtSGFhcU5OUVk3eDFPSmpWOVlPVWFIN1FuN0VzQmpOVDl5UkFEVjltd0NmZGwvdXl0VFkrU0ZxanhsSHhuT01hQmtFMFRCSnZyWXdYRkYrd3FzdmI0WEN4VFo0RG1yVDdqVkVMVS9LM3BheHFFbVRJVUptbzFyb04ydTJDSlAwa0tZd3hGaGpLSWNJekxxaDZZQVIwaEJEdUJORkkwaEd1NUF5V2YrcXZFanpLcXhieUdrbFhXZVVBTW93dnBhTTh0ckVCVnI3OEtEUWpnTWxrZ0hmSkVqdkJPSkZzNGNOY2V5UVM2T2Y4K3JXMWZINy9rdUhza3YwMWd6QUl2N2lCUTIyamN0Y1dEeVRCY3dRVDd2MkdTQTUwNC82SHRMMUZxRlk2SkxXNDRMMVc4R0Jpdy8zSm5tekNya3N0MmI4Q1F4MzlzODJqMGp1V2tnVE94Z0RrYldsaFZlcVY3Y1AySkFNZ3RPdndMbVY5ZmUzdHQ4anFMRzkxcHcvSzM3NjU3dkhMVUtQNEE9IiwibWFjIjoiNWZjMWVlYzNmYThhNDM5NjUzMjA2MzhiNzk2OTYzOGE1MDA4MWI5YmYxMGNlZDNhYjc4MjA5ZWZjMjZkZTNmYyIsInRhZyI6IiJ9----eyJpdiI6IndGclphZTQyY1k3Rkl5SDBxNUF0UEE9PSIsInZhbHVlIjoiR1oxZGJiS0cxVTVuOTB1NklhTURMbFJsVy9qYldYWXE4dzBITzZGUE5LUVRzZyswUkhxVHNXWk1UckFYWS9KMlIrRHM1QTBNS0l3N1pwaFVuUkpxaU5Gb3BIZEhQcHZRa0FPZUZEQ2o3ODVNV0xHN0R6b1FOenhyTjFGeFBXNHlmQ01GUWtLZWNHU3k3Y2haTmVJMVZpOWRFY1dYNGNjOHhVRy8xZ2JwSWlpVHp6ZzA3YzJpdSs3UjZKb0lkY3BPNXpNZS8zQVRWOXYvNVBMcXUrRXpYSlQ4RXFSZUdGOE83VlFCbFdmTE5JNHZzbzYxWWJkWnMvZnNiVHFFdzVEMzRnbjhiTmhlVW1JV01MTnVNUjA4dHovRjhjaEdjR3VCblBKVitlQ3NFNHJESTdadHRWTWphZm51L3RoWkF5aC94dU9NdG5oaXk3bXdWdDZ4bHRrb2NBPT0iLCJtYWMiOiJiMWVlMjk0YmJkYWVhNmIyYTdlZGIyYjc1YmE0MzA1Yjg3YWFjNmFhNGFmNjkxMjg4ZWI5ZjZjMmQ4YzY4ZTkyIiwidGFnIjoiIn0=----eyJpdiI6IlJOaWpKSCtVSjE5Nys5R1FLWSs1Z1E9PSIsInZhbHVlIjoiczZzQW5icGJ1TVNXQW8vTHNWODczRHllNndWTFJqcU4rTzdBQnFXTDdTeWlGR2VJQnNzM3EvNHNSbDNpVUNJbmliU0ppa0FjYTl0VUdnanNlUG8yMUtRbXdZUGY4UVpwVncxRUg2bENpUFJjTlFtd3pFd3p6YjhXbVNNS0o2UWk4ajZtL1lGN1k1U0l3N0NRd1A3M3UySnZYbWZaR29Ec3ZoLzJQcEVXZUhGbzg4K0x2RjdkRHVidHR2emgvSlFYVnNEdEl2b0Zrd2NOQk5NNHFnWEszZmJYc2FBWHkzSDNDQVBpbmd1a2UvS0ZrZnd6Z2p4M0F0eU5VdDBsRkJjZ081R2cvaHo4aXEwQXVkNlRzdVp4d0VNN3orVGpoKzJMQTFhdm9CYmZxQm1kVnpnYUVvRDBOL1Y3STRXVUlaL0l0Vk1HWW56S0ZLNzduWXltRGJ2ZWNnPT0iLCJtYWMiOiJkMzM2ZTY5MmQ0YWM4MDRjM2VhMTRmMmViOTcyYmQ4MmYyYzc3ZTgyZDQ0YTlhMWRkNTY1NmZhOWYwNzFhZmRiIiwidGFnIjoiIn0=----eyJpdiI6IldBbEN5V0pnaWMzNm1vR1FoV0tIc0E9PSIsInZhbHVlIjoiN0hOZ1F3bVk1aytOR0RYOXJpYlByWEw1ckdWMG5wYk9YRnlCN2QwMXAwQit2VXdOaHVrRzBGVlNuMXgxNFY3dERCdlM5TWx6UzZwVHg1V0xkY0lRbnVQWnhzdjMwZktBTnVuT0NlakoxSDB3Wkx6TlBFYmRxbXY2UU5oRGpGS09CYWFLeXNqaUhlVVJDbWhWSllnMVlqdSt4VmtUeDNCYkVHWFppeWlkZGF4N2RUSzVKcEpOUDVHQ282U3FkUnlqNEtGRWNIdjkxUnZTVWFjS2RueC9uczRGc2lVWEFLTjZXd0Z2TUFHa01NM0lkUXR3TnlRTlE1YzhHZGQ2bDQzSURKQ1RhQWE0UCtPWmg0MlEwU1RzYmxmQVRhTUo3TzB1blcyRmdlejY3RDAzRXY3WUVLWlZlbWV4QkhhZ0ZhV3U3TVNHOWg2M2dod3pUM3hkVEFVUzVnPT0iLCJtYWMiOiI1MDQyM2QyNzM5MWNlMGM1OGUzYTc5Yzk2Nzc5ZWZkZTczY2JhNWQ2ZTJmNTFjM2JhMzNlYTEwZjg5MDkwYTcxIiwidGFnIjoiIn0=----eyJpdiI6IkpKRW5SbkVJTUxqWGpnZVNLUlhBa3c9PSIsInZhbHVlIjoiN044R1RJd1lWUlVVWkVXeUFueWtTMWdKeUl4UzgyMkxhY21PUXVRdysxRGUwQlhPWDI4YmlVSU1BYkVWdThLYUxaL1BpRTF2clZIU2lDMkJmVjdqQXh5dmt1bVFIRUVZNFY0UXFvY3RGMnBOS1pvZ0JOQTRRR1MzRUVSQ2ZNNnI3WE9nb3RCMENDc2VreFZIdFBDTTdKVWNvRmlaejIwdmJZWXlBZkQ0Q3RNVS9aTkNCRTVMZTJFdmdCVkZMcGpaZnBXSWU1ZStPR2JUYmlPR0EvYW9pcjFXbk1CSUxwWjNrZWVwRmhwcnlBSWpiZHEreGZGNHVOWEFScUFpTEFLYlU2QmtzWW8zemJTRllQMmhxVDg3czVsTDJ1dDBNaFBvcGM4Vzh2UVc4M2UyZjh0ek5tT1dpaHRVakE5ME42cGZZaWZTMk5nYWR1TVZGeHJSdFhESWpsei9FRE54SFZiZkNBMHdHVGU4QkljPSIsIm1hYyI6ImUwNmYyZTExM2I3NmMzMzY3YWM3YTBjZTEzODViODAyYTgyZTdhNzA0OTY5MjYwMDUyOTlhNGZjYzFiZDFhMWQiLCJ0YWciOiIifQ==----eyJpdiI6IkN3bkdDaEFkWGkzSFg2dFBoQWsxOHc9PSIsInZhbHVlIjoibHQzTU5Ra1BOYkZ4WnRCS0NRUlgwTUNycGhNR3ltbEhSQU1rVHA3UFloZVpsWDVGcWlUVnVEd0NqT3lYTWtNVmJDZmxHb2F1OHJ3dW9UeXRzazZNYm1JeFRTekhPRGk4L0dURmE5Tng2ZU5Sb3lxRk5aSVYzRy9CRWRlclFKcmJ6L0U5b2lNS0lOUStCc2VMRThpUGhqQzc5eVFpK3NleENMTXBJVFV3RlVsUSswL0JVWWc1VERsY1VFSkRKK3Fhb205VzNzVURaY3NWLzdZM09mVHFsd3U0d0dURUZRemZNbnc1MndpNW9TR1ZNOW5TUnJBVzNaUmg2YWt0dUZQblhRRXhxbXdidzZnQ0x0L0UxenpQdFg5bmUvNWEzaWlhc1Mzb1VIRzJXcnNnMk8zRkY5UG5iL0ZZU2ZEdWwyQjcybWFkSlpnVWQzM3Y1dUUxNzZtVHRnd1RXZEtaVEc5QXZaWTVON3gwZmxrPSIsIm1hYyI6IjQ5NDFmYWY2ZmNkM2IyNGQzM2Y2NWFmYjBjOGNjYjJlNzAyYWU4YmVlNTkzNWJmODBmYTUxMTQwN2I5MjA2YzkiLCJ0YWciOiIifQ==----eyJpdiI6InVOY1VMaXlCQ285OVQ1eDhLZWpXTVE9PSIsInZhbHVlIjoidVYxaWZUZ3pLelpGRThGRkk3UVNVTk5vU2JDMzVqbnR3QzMvMDMyT3N4RXZCNDJIemZEK3Y1SkVhOThYaVRpQUFhc0F4d1QwbWR3VWdCdWxINDZBT3NPamUyaG1DZEhMSXRJamZmYkdQbnBZa1MxTU9GeXZrQ2Q3WlZCWGFoM21kYUxGQjBQUmhEVW1GcUJ6M0ZmbU9UZTI1YTlmNWdQMWt2R1VneHFwMi9nRUhtYUxUSithcWhQRGtqbXBYQ1FSZmpJT0l1Zm5RVWQ5a0QxVldYeGc3VUYxbGxrUEI1S3VVbGUzQmpzNGtCS2dpZVFPRXd0dDBYckJlQjNUZGpndm9lV2tVd2hYNWJZSTZrOXg0eHVMWmV0eUZuSWF1R0RYM1dWYlRMUERNNGk0SmZxVVBVaHpHczA0WFhpT3A0d2R0cjVIWmFjaFNjdFdIeWZLTVlxMzRLaU80cFgvVGY4NFJkWVFjM3RIUUk4PSIsIm1hYyI6IjQ4NzYzYmQ0Mjg3M2VlOWNkMTg4NmU4MTA1OGQzMzhjZTYwZDhiODczMmZlY2UzMmQyZDllNTc2ZTg4MWJjN2EiLCJ0YWciOiIifQ==----eyJpdiI6IlBERldNWEN2ZnJxYmlUZDhvaWhQSlE9PSIsInZhbHVlIjoiR0lhK0ZlNDNhbjdZYlArQ1hscHNWZCt3clFHZXRSOGIvVFN0WExxamVaTmE3UEwvSkdERHBkQUZmc0NMM0FqT21WYWl4VXoveVUyNmUyS0lOYzJheU9vclBreXdCWHBuRmpDbUNvcS84TWZwMkpHTUNUVkdnbkQwYnhqZVViUFJuNzIzbklsdHM5QTgzZnhtcVJtdVFCSmpFNmNUNXdNN3pyRFp3ZDd2MW9XZWREK05GdzVqcnpjMG5oby9KSW92N3dkalBkK3gwM0dEd0dYZ1A4NGhidUJ3Mm43RzY2WUo2bzdDV0U1RnUzZXkzQ0dnNjdxNE9Pd09HY0NsTGQrQ1JEOUhJT0JXUWlGWDdVc3hkRFRVblFvSFV6aTMzWlE2NWtVK3d3WlVsaHBmSW52eGlOb1d1dlV1RTBtSTR3YWdRT3RvU3I4cXE5Qm5iRnRlbXhyeVZ3PT0iLCJtYWMiOiJlZmY5NDdlNWZkMzI2MjM1YmMxM2YxNzMxY2U3MjYzNjEzZjRmMGY3MmMwZjM1NGFiM2ZmMTlhNDRlNmM0YmJlIiwidGFnIjoiIn0=----eyJpdiI6IllQcTlrcE1ZenoyL091U2hPejZLSFE9PSIsInZhbHVlIjoiTVpqR01ZM2hjMHRyT1dNVVZSUWMycFJ6ZHN2S2xWWWZsWWxNSHVYU2VCVm5KR1lQamVzT3BMNEtTeU53Y1pYVkovckthV1hWMnlMZWxzTDY3ZzlkbTFBREVPQUZCTTBGSEh1NXQ5bjVMRFpzTzliTVBRU3RldHFKeFhNL2RIOHc4SHUyL2E2YmhmdnkyMW1la0RLYm5yUDQ2dk16MTVHU2drZTFRRnIyclhReTBacUFiY1dNU01oQVNsQ2U2L2RUOVZ0UTBqSkJqZzFQL2dRUkVYMjFDMlhqbld2dHk5UFJQelNZbHR2cW1RcmtHK1NmMjYxOWVPaXZqTWllOGRydlM5UktPWTA5Zm9aaFg5MWI2ZWdrSFJPd2N3bm82Z2FKdWhDVkM0U3B4T1l4K012NFZuYzJRVzR1T0JtbVdTWVhDdlNrRklWS0RDZ3VyOHd5aEFKbHZnPT0iLCJtYWMiOiI5MTljMTc5NTQxMmJlODllNzdlOTBlYjAzNWJjY2M2MTIxOTA1ZTRmZWE1MDk3NjdhYTRiMjYwMjg0OTc1MzEyIiwidGFnIjoiIn0=----eyJpdiI6IjZxWkFJZ3JQMmhmYmx4QkZxbnRPNFE9PSIsInZhbHVlIjoiQk9namJRNmxLLzhjUGZ4V01JWVFRbDU0dkFxT25XNno5djVjWjUxczVncFBvbVdVckFSeGQwbHJlK1plcGN1RkZlcWx5SXhEUGVLVXFDR0gvS3IvOVNnL3JSK2h1cURPUjBzU1JxTS8xUEdqelJVUldkcXQvOEdTcDZZWVlaaVJSalQzZzVYc1c2UEZ0cGw1Tm12RGtFNHV0bGtzVmtCZ3QzL1V3bUkxdE9lSFdtKzRHbndQNnNTcjdkbTV0UFcyeS9JMEJvbG1QVG5uckQ4aFJORnBnc2tuU2xEdU9ZOGFYUEZZM1hFUHhDSmJ5UzlLSjltc0k5cExWQkFEcEFEdDBxbytFSlhUejBhRmN1Z2Jnck5UTHNYd2c1bjZZNVNFa0pFSGZDSm00WHNNbmU4VFdMMmYwcy9md2RTWVFlNnVXVzB1WjZ1Qm5ncUxSRlJiSTJ2MjZRPT0iLCJtYWMiOiIwMmQ3NGYwZDUxM2EwYzljYjlmNjM1MTBlZjc4NDliYTMwMDhmY2FlZDY0OThkNmE0ZTU3MjkzYWNiMjdkZGIxIiwidGFnIjoiIn0=', 'floor_no,total_floor,floor_alow_for_constr,side_open,bathrooms,width_of_road,furnished_status,ac,bed,wardrobe,tv,fridge,sofa,microwave,dining_table,washing_machine,gas_connection,one_bhk,two_bhk,three_bhk', 'eyJpdiI6Ilk5c2FiN0Z3Sm95eHBVN29tTWo4VFE9PSIsInZhbHVlIjoiNUVHL25XeFhBZ2FjSXVOMzk1VDBYQlNleVNSY0RoTUNRK1R2L2dnV1h0aUN5eTNYQ0xUMC94WGliMEVveE44VEpva3U1M1RZejRmTG5LZDZPUDRGVGFaY3ZoQU1qL1ViNi92Z2V3bDBkZEVsVHA0S3R0ZUJ2Wnh2SVVCMWVMU1pjV0p0VVl6Q1BybEQvSzJNZVBid3MzVkNBYlNma3cvU09hdWJtVi9GNEkySkUxWjRHRDlIVHY4SmhucXlzdnJvS2JlWFpyK252blNEc28rMmJpbjBTcXVWQXRDWWlhREMzQWhzV2preVRmeE5HSm5ndVlWN2NkUmgyMDZSY0VZYTJ1WFE2YmJVQVBtZWpCRVlNRFQ2TFE3Tnc4OFhCbzZKQmEra0pleTBWVThhTG9SbzZMSVkxZ2p6Uy9XQTBCMEpScU15Q3ZXakVVTURDT1NVWjZqQktmbzFZOWxiL0pTUUhWdGlhNjNJTVYyY0FBOG1xU0hjbkpHOXJzenF4eFBXVHFPVUZqM3lpT0x3dkVrL1lIL2NLOEE5a3NtNU5ET1k3TVFIbVdiNlFSVzBWZjVFdzVjTWdRR2VXc3NGNUExbmhjRHBPeHMxbUtxcjU5WUJFeHBnL3JEdHZTeEdHYzB5TFBEYkpDK0gvQkZGWGZ3b0V1cjUzUEJrQTMwcVpNMFp0bnloc2cxejQxeitqRVFlVStrZlJpSGoxcU02U1BiYTlqakNNT0NvRE1CbFhjMFovTElkTTJsTVJ4SSt2RXgzWVFQN3l3TjRGUHdzOHRIS0xrK0piOG5VVlgxVGlTaTBUeTRtNndLampDS01NV1NpNnZ2ZXVvYW1lbHZTdTVCMTBPWUVXUk9mU1AzTGFVNlh3U0VoUXlKbWdaOUJUcG8yN01kRWN0MGs0QkZaVkxiQnhFL1hCL1VmdnZNNUtaOHFlUTZQWG5qTVpnRlpCaVFCWDFIOFpCWGREVzdvbSttZWdjanhHYkY2clMzZW1Ib0NBMWZBOCsxTzVRNXBsYkgrOVV5NXp3NGlPTEM3RGJHYkpqYUZqMkdLbzlmY2U0enZxbGZvT2RhdmVOS2xibEduY21kbk1qTE4vRVU1UWs1V0VGV2ZQdEEzWThZMENrd2ZCbERMODlQT3Q1V0FNNHFtdlNmUTRQSmNDeTFyNS9QNi9KWWg0aXJIVnRFM2E3WTlNQ0QyejBpTFFidzZzdHhqV3VuSUVrcyt1S0JnbVdJRURvWTJrY1EvWmNvZVJyZVphRThCVWxtRVFOdFpTNXBvUTlPbzZFYXNKYWlZNTRJR0hDVk1hRGxUMkp2a0dxdDAyUm1FdlRkMkdZYWp5bk9HUmpTTzV1aWJwRld0T1hGemVRb1doSisrbzZQV3J2dkdZZnJ5bUJzS2lTNHZYd1RRTFhrU0dQd3lwUkUzWTRRYmxXK2JjNE1sUmFoM25PaExxd1l6MC9CUWxZdWk3OHFkYm45YmwvczNMTW9TTCtwYzl5TXVNVHZhOEZFSzk3Y3VEb3lPRXpKUHBYZGxXZ1k4R05GUzRES3NoNCtHQUZ1OStzWHNiVFZsRDlMN2dmOEpZSURaTms5NVNHMHpYMUE5M0JBTGRPNjJ2RXNQVThkQ0lKYlhsc283NzRUTDM0N3UyQm0zOEEzbkg1a3c1VEFTaUVrR3FpbU1Gbm5wZERDYk9IcVdSV3hzYVFUbmxVbzBFTWZJYVFnRll6ekJZY0dYRFg5NjhSbm4wcHVLQkx1dGRBNEdqTXJreU1aakJrb0RYajlUeXQrbjZYVmdtR1B5R2ZKWlp2L1RQWEVQdi9DWUhsT29GTms4K2QvVDVZNG9PcVZsdURtMUYzaXFkRS9RMTAvRktmM0I1Tm5iT2J2RzlOK2xTbHdNYmxvTzRtbXpXNGpJcUJrMFZwZzdqQWhkMUdZNkNqTkp4RHJTajZrNHRXQ3BJMWhQZytDUVBxWERKWlErZDMyLzNMcHRaNTFkZ2VwblNMVDg0bzg5YW9VOHhobnhTbUNxSUZHRFF6aUpzMy9wTSt4Vi9BcEZwWmZFQlNFelRsU3VidEczc21OeDFZZnc0Vi9YeUsxUmhDa2NUa0wzYWkxMXZUWi9CTW9KOVZPQ3NyU0xPWjRIUmxBRmlhQWwya1NUSERhN280SEpSdVgrV2dTQVVxU2ZRdXNkaEgzT1Rjd0RtZDNSR1ZMWGtobzZoUVpocEhMVUpFK1FwS0NoVDFleGp3bTZBdVcxSDUrc0lHTkRLSXpJK2pqdnpqcU4xSUxValViU1g0Ukg1UWcvZHlqbXpJOHg3cC9KVHRIRDA4eXZERWpleUtHVTNpT1dES0RXK1FtQ2VTTFFxb3pOeHAvSkYvY3A2amJzZ29mM0hhM2o5RVpUVU9pQ2MvWlRVa2tmdk5BRU9aZUxKVVY0TVN6MitDbWozUHpFWGpEUE9uMnp4MDFVMVYxRDZ2NzlRejZKdTBubGdZYSsrVGhVWnUrcXEydDJ3Q01SblQ5Z0FlWkFYNjNHZms2dWM1MG5HbStXWVM1RHJLZnUzb1N1ZDBMRkJDK1RsK3oyK0FXU0FwTWd4OG9wcTJjTUtlMGJjRkRkQVl4T2JmclllR2NnTmU4dW5xeG9pRzdTcmp0OHRSaWI5a2tmZm5ia2NETUFHL3EvSFNMNFFGUEo1SFBWN3J2MW5YeTdWenQzdy9JbE5DRmh3QnM5czJrQTFFRmtPS28vZTJsRmtvbWRpTDFvY09tVkUzOEpGQTBpUm9BUDdxVUQ2SlJaMFBuVVJZcklzQ1htbGRsSzZBTkVlVWZjL3lsa05nVnowbVFrdFR6RUY3UFBpcWY4RkZHbEU5S1JQTFRySzZSVit5US9CbzhYalZXME8rWWdLTVZYb2dFalcvOWZEN3FZd0Z6MWNFWWpnQU9OUGhnOEZHRWw2ZEhhT2l3VVo1Q2dpSXlyTUxVMUJWY01BckxTV3ZRVCthQlNZaGNYVlJTejFVa3V0TUtiK3krWFN1enhGQnB5aER2ZDBsSEErOGpvRGE5djZaRlNTM3JkNTZFeU02TjgzeTNZOWwwL3R1cG1wZGdCQzdLQ0NGUk54RERPUWJiMWNMWDVvY3dvNkt6N3NtTUtZSHZZS1RUMnlTN2FBUWdYeGJHNS9hWHluYXh5YjUyWnVYUmNLSmxWaW9SSER5UjZSVWxhMU5pM25pWUlYNnJvTmhlNjBER0Jwa0lEYnpzaWZJOTE4a0NFQ21yMVNZaG5iQUdBbWU3ZWNnV0gvVjlxZ3ZmRWhaZ0t1dlZ6ZURFakx6NGpmN29zbVJ2YzN2M0luT0Z6L09Eb3ZmdU82cmwzSkF4TGMwWFROODUxdURVQUREMjd1ajJqMVpVeDMwTTBETWc3UGU0Y1ZBNzhwdlhTazAvcm9DUXdMYVk0am1mZkJOL0p2cnpyNjdKdHhXRnZEUSt0S2kzczZhZzgxZFpWV2xzbmg5NVFrNjA9IiwibWFjIjoiODhlM2QzZTBhMzNjYTAzNjdmZTNkM2U5MTE3YTI5ZmIxYjg3ZWYxZTk5ZDhkYmNjMWQxNGFhNjA0NzExZGNiZiIsInRhZyI6IiJ9----eyJpdiI6IktIa0hwOVZQSUJPVE9MRnMvNTFOaEE9PSIsInZhbHVlIjoia005ZzlySUc4YlI4cDY5a1N2NG5yMlp6OXkwTkdkM2VzRjRZT3EvaE5MU3Y4aXBjdEhEUE40RmNEcUlJbHdxVml1ZE5nYzcycTh2RFlqYVFmNk1MaXBIK1VQYlhlR3VPYmlwQnMzZWZaZ21PMkRLKzhzM05NR3dQQ3RwcnZPQ2JsLzh5ODh3Tit5WDAzNjlETVU0cHpRSXdMaS9CQk1NdlVyWktLZ3doY01VN3VRUVdONG12dkpFWmVGMVdwdldhRXJPNUxucENObVlHbmlGNm9mVXJXcDI5SjRuWHZFRkJzY3VVQUFWZ3I4YXR5alU5allSRWorSFZ4bUk2TkZLNUVybFJPOHV2Z1lqbWJKTkVMbGlud3k0TDZJQTlkR0R3R2gwaVlISnpHVGNaR1ExOWlmYytOa0c0SWtGZm9POThtWWo0Yzd3bHlBdlhxb053bXBDV0FVMFJja3FlZkIyVzQ4aXJLMnVSVzhjM0d1akxXUHp1RUVhUlkzdnJGUXBhUkJ3eEdra0RITEM0QzFHTE5wdGtkaDVPeEtmK1JoM1lMeDJXNnZJUFIrWDdmbVprWk43cVplMzNqaHI2VFdjc21XcEd3TmJoMEhXTjJRUDJtWW80ZEdSdDd6MlUySHhpOXkyck9rQmhzRTlSaGJ0SDNmWEl4b255YzBIMnJEVkcrTUkwOEZ0NktZdVY3QjQxdm1jMHdhamE0UUhuc3V4SVlaMDd1NnVGbUdUajd0bkh4eThadXJsQWx4T0I0c3BkbUwvZ2NTNDRrWndLWUpROEh1VitsLzJoc2FxdnpQMnJFU3ZvUm56MkMzTjkzZ0lsM2pBeDM2ODdIR0VOM2VjMjVUeHJyZ004RU5XV1RtaWN2QTg2aUNsUlZCUStJY2JvYStNRTdsNllnYTNXL0RwM0ZHWit4UHhod2F1citQREhRREJGV3Jielo2K0s1Y1JSYTJjMnB2U3lldDVYVUlkVTExb3lRWGkrZ0ROUCs2QU5oSEl5RjBtczRaZXB1dTZ4U2xuMUtVai9GNWNOYUN2U1FudVZMejNBNmF0OUxGdWNzWjRBWkpjRUNiYms3eDBvTlYrb1h1a3VpQytSZWkxTUJ0cDl1YUg1bkRiU2dGaUVrcTFtaEFtUnAzQVpEdVVVTVlTVmJsVVA2MjdvOUpoZEV2SFRLRmpJSDg4R3VSdEYvYllJTnhlblM4U1QzclJMdHJvTWhuWlYrMXhaL0t4cFRkMDdDMllXV1cvQWlXeis4ZDFFcmpTMnB2QWlsc21OMDN0U2lyWHdud2F0VHVXNW05VlpocGpCaW1Qc3duZ2lIRmhPK0NwRVNBKzMrbU1Td29OR3BDcGJ3dldQMWFnRnF5c1RaRy95cDEzWEM3eGhSV0lYblZFSEZsbWxIWFNBVER5ZWV0VFYraXVFZFcxN3cwWGZXcFQ1SzNwd2ZFOStvRmdFSnYxWlNIZVhTOGxaZEdxN29TY3c3NDZkd3phVmQ5L3VjaUo4ZXdia0w1UTBSWkIxOWlFK0M2cnRqbGV1bkFxWmRYV1lOSGpiUVRMejVtaS95YXRJa2ZCdWpKaDhCNWJ2ejc3MHN5YTdqQ204aFZ4dFJTL3JjUDhIWWNQTjB1VklKZmVZc3VmRXUxRlNmcUJXMTJMMVZOVzlsWXpiTCsxR2ZTcXd3bFlrQ2JGcU1nTllNNzRra2NrNlhqY3BaTlZHYXdQa3piN0NVaVVYMFdjMEQzMXk3TFRlTDNEeTE1M0twdkNONDU3TEN1MjBoVTZWK094akJ0bjM0aXZVcXNlUEs1NHdRZGVjbkxBSHdLbm90TWRlMEVqMG9aL2w5c2U5VEsxWWkyb3NtUnlRT3FqdjhqV0ZnRlVKUHpOQk5qM3BudS95ZGpUTkVFcUhWVnVjeG1IZXRZR1hINElXamVBTHJYSmNTY2NVNER6TTdvWnpPQlJTbVhKYndJa05XcTIxaDk3dnlIRjdIejQ5OG50K2dSd2JUVVVwcHN1Smprd0tFdUl2dnR6VzlPcWJTcGhCZTlCbllMeEU3cVJtRnFjQU15dDIvOUdGc0FBekZONk51RkYyK0FlWEtTY21BS3NEbkU1V05qS3V0Y3JkZitTQTFJeUFYVUVHQ0UyMTFKSmtDODJ6ZU1LNEgyM3ZSanc1RG1nRUpoTnBlTHBqWVZYWFVKaGxaQnV6UVNydzJsQXRVZG05RTlJRDlHMW81VHlCZ0h4RWlucnJ5d2poT1VyQklIei9xTGU4bUQ0M2p5SWhUWnJvaTFaS3U1aXUyNTJqRklIK2ZmQk9UZUxia3VjL01RZkdKVi8zMGhhRUJFUm1peE02eFlYcGlFU3NIUi9VSFVyTktTSWUzcHFZR0JXaWxFZ0ZMNm9zQkhJcnJBRUQ0dXFxVThVdWkveDlkNlgzdktWRkxsZFErbVhXY25RZ0dEZzVVSFVNUnBQTUdKVitBQnFBa2hBak1DR3FjbERJZXJ2bm5YTDRrSWtSRXlUZkZYR0lKVk1CRlhKcFZvOTFvTVRpTHZ5WTIvVEJwMmlrekFjSktuaCthY2NCVHBDcGdkdHYrMnRueGhTWjdEZGs3U1dhQkRhYTZaS2xjcUxPRnRDYzFvSkY1elZTTDd1YlRnbnlubzRja2xzb3dLRVBYM3I4M3M1Y3VGMDJld2kvbk1Ya0hLUTZ5d1c0MlQvWW5xQ0YxQlNvL3U0bDJIVXlXN0VnUXZCUHZKSXRTRGZiRmFWb2k3TDMzT25uTER4d2dMdm1vd1NTNUxIWkJsUkszbTQ4a1N6eGxvandFMDhyWEphQ2JLQS9SWFA1R0tHeUVtTlQxRFpIT29ETEJ4YWZkYm9RN052YSt4NEVaMkFYL0w1aHRQNzdLUnMrT0ZTK1B3QXBQNTdkcUpISWlNZXZpYjN4RVpYVHNIT0FnR1hOZ1k2OFl0T0pNVXVBR0lpUUdObjlhM3JtWDBpLy93WENZMDVoL09md3VrTVNjMFY2cXVkY1BxVlpaYUpzQ2t6cmF0REVFdlI0ODJQY0lzaXE5cnRVc0ZQOStFcjdMb2wvT0Q2R1VHZndMQklBdktFN1crcXY0MHJ4UjZMTlU0Q0pzd01RYzJ6dUpCU2FpMURseGhDYTdLdlM1cEowVmtQc0hZR1NWK0JsZlhTZGplUmYxKzF2WVZjRWdVMUk0YlRMVisvNC80dlJvdDFQcWFtSFMzRFcwNnJza3l6a2ZvMW1BL0hwMnBNV2lPeThza3RTNzVVNTBZZ0dkTXhhYzYxR2w3SjMzSGFUNlB0cWs3T1VsclEwOEQzeWoxSGdXd3pRMXptYXh1c1k1RGNyaDVLL0pxcVZYMFhKM2lmRTNJSStpbHgzOFFPMmdUWHJlMnl3dm9rMU5McHFGSGU3cWtwN2xHNFd2ZVNOV3Blb3BJeEI0elpzT0ZRZzVWWVFoVjZpVDRKbjU3d2h1Z3BRK1dRRk9tZllKbG89IiwibWFjIjoiMjQ3N2E1MDQ5N2JkNWQ3MjgxMzgzYjkwNWUzYjAyOGViODhlYjU3NDc4NjhiMzJiMjE1M2FjY2NiYjYzZGIwNCIsInRhZyI6IiJ9----eyJpdiI6ImZ1ZTZsaElrREJHYW9IY2luK293ekE9PSIsInZhbHVlIjoidnFENmdVZGFpdHpabVBqMk9FU1cwSGZUbC9wNThCMm9EWGpwcmZwalpQb0JvUHhtcXZDRWNwK2dQSUVWNExvOHdzeTZwbklnTnEyV1JKTE5HdW43Y2J6WU5SbEF2NnE4ZWlUb0FQbk1mV1FXN3lBbGkvU280UFAyOTdmY2ZhZlcrMlBGdjRwK2dhcThZWFN1ZnRETy93aEdvcGJGRWxNb0x3RmNiV1p6WnV1OXZSWnN5SGlLK3NFTDA0eEpDR25lMHplSURTYTNSTWp6dXdHb0dERXJTLzFxZWpzTGl0KzcwRHIvcjFUQVFQR2ZwVW9CUXZzWFZjZDNlYXg5b1I5dVkxMEhPeFBOaS95MTQ4WXh0cUZLK1BJeHVCL01lUEdzZlc2TS9aTmpyZWVHK3BsdHZxQW15NzV0OHNHMlJJN3pJUERkdlRhNnpNZGN2S1NnV2tzUmtCWEZBd29Ib2FNYkpsSEtEOXlWQ1RpRFJiZTVDRlhtemQwaFgzVi9WN0Q5MGpGM0sra0MzbDJLeU15UTZDWUpVM093WG1KNldrM0Z0ZnQ4WmZReDQzQmk4bTNtQzY2dHJoeTNJNWVXYzUweERiN2JpSzFlTThydHFwVVJXMnZSOCtnYnNpWkhhL1RkM1B5cVQyN0FCd240eUxTNWl5cE0xbU9xa0xEZXY5TWFiWGNiNkNCVlpIdjZXMlZxLzVKZHliRzMzSTcwSGh1d0hBTjg3dzBtRXpzTEJiVG9PbU5yK1hpYnE0b3QzZGh4SUVSdjNkOHY0cnJwZEFKYzZWeTJyMm9LQmtTeHl3UHhDSmRmUkVRaS83TE5zM1pscEJyS292bjA4L1NWQzZ5Y2tTNGw0ZWptK0d0RWpjMkpmYlc1WklBU0Q0SG1MNldpS251d1pid3BJdXZkS0tHeU1EQjB2RFdOOXg1RGJoRElQeXB0aTVYc1gxaWtGWUZMSm1jaHMxQkN1NitaRE1DL3U1WWlzOE9kbTJxQVpFN1k0OUJvMVBDaXZHNVdDNkVTNU0xNFdjZnM3T09VVUNPRDZDU1VpR3lna3NSVEJ0UG82aFBLcnBBTko5WT0iLCJtYWMiOiJjNmJiNWM3ZjcwMzc5ZTdkZjk0YjQ4NDM5N2ViZThlZTZhY2Y3YTM5NmFkYmNjM2I0ODJjZTcxYTkwMGJlNzkzIiwidGFnIjoiIn0=----eyJpdiI6Ill0RFh1SHNrWWVETkwxSlBVay85UlE9PSIsInZhbHVlIjoiT0t6cXZsS0xBaUJvVHowQjdoQU8yVURtbW1BeEVBckFzdWJhVEVqZk1pMXJTY3Nha0d0NG5YeWJ2Z1FURWtpdjYzelpVSWZSKzFRM05SekZUMUdqVWRkbWhzZm1IZ2JzUGJhdDNXNUxlZTNtb0FINStmcE9JUG95bk9QSVoxVmlwQXp3QjlVTU9lRndNcGIyYWIwbVdNdjdsM1g1cjJ2ZWFnSnZKMDR0ZUNRU2QzWGpLVEdZaWNGdk5UbFR0S1ZuWmVzN1hLZlZHUnJra0M4RlFyV3VnMUxENG1TQkNWcE1LeWNmaEtSUlQxM25WWFhrbVhPVi9OQWhtT2FhYXBmQXdQTmFkSW9Pc0VDbXJCaDM5Mm8rcndHOHB4N2ptMHp1N1hTNThLRWFzaGxOSVREZFg4aUpNVTArZldLWDM1U0V1T2pSdUswV3Juam9zSy9BbXZVNkh4UlVuTmxKOFFIL0ZoZlFDdHVPNUM1UmlFUkk2YWl6K2FTYkpKeHhxdWR3NU9xdDdBQjNjcjAycVYxaDM2bVZvM29CdUFkaGpaVUMzYkpKay9XUHFlR0lXOVdhYi83OENxK0ZuazVKbmpXSVhEUERrK0l2M3RFaXF1b2lySTQ1elY3b0V2WXgzWGhoaWVkcWUzQzNuK3lQR2xGQng3WXEyYlRFRmFRazBLWGZkdVVTalVaYVE2OGZlYTF2a25iM0Q1UkViL2RHSGJFRzI0aXZ2OEVlb1NsTFYwanl4SzdGY1FHTUloYTg3ZFNaK3dxQ1RadUUrcmw5NUNxcjJwUjM5eit3VWJaelRyYnVpR0hrQTZhWW13WmdXRXZUcGRtTlpYdkhMdGRjN1VZUTc4ZW0zaFREWTd6Y2JmS3lablpGTTZnM3VjRjg1MjFpV1NuV2JrbWN0NHJERVJpOUZ3aVpYK1JXUUdnWTZuZ3YzdWpYdnVsWmtGMzlWTkI1dUFmNWQ2dTNMTm9TTWhlWnB3blNIYnlCRGlydlFiZFE2bk5ma2pHRmpQM3NJWXpSVTZobU53K1J6SVhrWjh1S3hUNUYyVjRLaHVoaElYRXNxamlrdWsyYm05MD0iLCJtYWMiOiJhMDQzMmI0NDNkNTY3ZjE1YTE0MzRjNmIyNzMzNTRhYWI1MTIzMjExY2M1NDdhZGNhMGFhMjk3MWYyMTU3Yjg5IiwidGFnIjoiIn0=', 'cover_area,plot_area,plot_length,plot_breadth', 'eyJpdiI6IndEQmNvc1BpWmJJUVBkdEJYc2hRSFE9PSIsInZhbHVlIjoiU1BwUnVxQmwrbXZzNjlpeWpwdExzeFZoWFdDUnJzVys2aXAyNHRQNE1FNWI0cE1YRm5hYStpbUpoRjBLSEJ0RUF0TVhhbVJGREVnRndMNVBsakRjYy9uK3U3OEpOUVdZSDdTeXdtaC9CSlZnSGtVNzNpb1RrK0RzM0FaRlViaUo1NVVZam1Kak1POVZrZm9BWjhQRzhIdUpBaDlidWJta3Q1MTNJbmhPTUk2aUJJNzJuU3JSdFJxU0QvL254dDJNeUVyRE9TVmdIQy8vNDdyOVVVM1gzMTY2RUZDUHhNbTAxVFc0RHhmNCs4THJYVEw1bm5ZbXpvTGZ1OThFZWpFMmFEbjBSOXNZQ0ExVnhPOWFCeUxBS1QrbWNlN3B5QlZyODdPOU53SHBGVkVKZlNLaWo1eWkrVnp6N1MvU1drdk1yZTBOVjkzVTUyTXl5TmVydjJsbnJJQXJGUjhybThBazZLbmNCOUJ6b1VOL2U4ZkYybHQ1RGdFcGd3UlpoSUNSeFhDTHhDM0VZZjNyR2lDdXBwSHh6QT09IiwibWFjIjoiNWEwZmU3YTlmY2Q4ZTdkZDk5Yzg5MmRmMTAyODY1NjZjMWMxNTQ1OWIwNTc1YzZmMmQzN2EzZGM3YmU0MTI2MyIsInRhZyI6IiJ9----eyJpdiI6IktDQjdyM3U0b3g5Vlo0R1hNSGNDL1E9PSIsInZhbHVlIjoidldJV0dtQ2RpNHNUK080ZFRpeWp6VVpqMHBjbngvTVVtNFc4WXdBZGtETXhWQTFhUE5hczc4NHNoUkpUd3o2L2lJWnl1dEJaUXVjODRsS1QyaWUzYzFHRUlNMlB1N2o3ZCtYRldCQkJrQjhGQ1ZsUGdYbXhPVXkyK0FOcEdyeWt3Wk5TamlOWnFINTJhYlkxMU9lVTBGcThsRWR4eXdWMDFsa3FwZVlRaEFNOWsxMGhZQkw5VlhxSEZZSDdRY0swQmdDYkp2UVhxdGpiZHFta3FOdzh3VWh4eHJia0NnOXZBWVhOR09GelN6QUxrUHplNitrRWZYRnVSaks0djd2L1NhL0tTOVNOVEE0KzFSemc4NWc4cXVmK1RuSEwyNEdBSTJUNDBqNHRzbDJiY3hvMVA1Mlk2OU9ndnlxVm5pWnIrMUNaemRNaVl4aDhDclc3OGNadG0wa3hGOGgyUCs1NDI1THIyYVpQaDNKOWJOV1BSbE5qWEZsb1BXSjVCRDdkN1k0RVQwc3gwRmNaUlJDdmwvbFVlNnhkTFNqbGg5VFhwWVFsaGROSGlQRT0iLCJtYWMiOiI1ZGY4YmQwMzhlMzJlMWYwNzJlMTRkYzk5Y2FlMjJjYjRkODBmZTJhNDNjZTg2MDhjYzM1YWMwMzQ5ZDBjMzZlIiwidGFnIjoiIn0=----eyJpdiI6Ikc0bVhLTVU2YVQzSm5mMzE3L0xEQ0E9PSIsInZhbHVlIjoib0JjeW85eFVyZlNCRytRWWhxc1FWSkVldWxKcEg2SEd6Um50VVVsMmpXMnk1bTdBMVdrMS9BTzdXL2tsWk1rWVFtUFpIZTN1eXZaWFJwL3ZsRTFORGQwN09FNlV2Y013Y0l4cW0vMTNFb3VFWVhGVktkS2VZV0dXOFk5ZW9Kd1kxN040LytHa2lhcmd4eWFuZ0pSNkdTUXczNWMzWVJoQWZJdXFHM2NzcVBpWm9RN3M5dnlDYXBNZkp5RWdWY2tkT2xzTnczWlhRNFJYT1RFUjFOZGpOSytGUFNIdXlTQ1VaY1ZTOUxzOUV5dDlmYmdwdFhYeXBNOTJXYWRzalRGLzBtTEVJSVdmS0JzMnR3bGNnOXJWSGVNYks2bVJCUXVKck1lcmw5UkdCalRDNnNvQnVhTC9lY3JNaFJDdGJmcFpUUUIzTXhpajkxNVdCNW9GQitNOU5QM1Y3enk0MjU4RlNwd01BRUNieXFwZG03Sm8wdWV6SGVDa0tpbUtKMm1oQlNueERmclV4R0cxZ1FZandiVy85ekdFU25GT3RMMEFzeEJlc3ZONjFoSTBJYURxMzFGSTRzY0dHL1lDeWVNY2hTaU55TUtLRldOUWsreEhMNWFZeERLR1lFM1c3TWs5UllqSlJTNy9WRnZhaVhQYVJxYlgrWmZQRm1SWm96MC9zRjNta2JWOC94amFHaitjay93cm1aQVNNc0xsWlg5ekNURG9QSkVZYWV0QlNudVBhdzYyU3JjQnAxTG1VNjBGVmorT3RTaXhHVDNuRklFdFpyT3ZYUT09IiwibWFjIjoiMzE1ZTM2YWQ0ODc2ODk1NTU2MWU1M2JjMzk3OTFjYWY5M2VjMDg3MjBkMDI4NmIxNDVmMjJiOTMwOTBmNTQ0MiIsInRhZyI6IiJ9----eyJpdiI6InRWTTczT0wvYlBURFh0RjdTTCtqOEE9PSIsInZhbHVlIjoiNFk3ZWxZcmhTTldETjhvM3ZZS3RxSS9HNWhudmVIdHd6SW1iYkk0bE5ERkN3RUlEcElzcTVQV1lSL1lhWWE1MDBzTmtsVWtYN3l6L1RwZEhmMzhaMHVMb3lIMW9pRVNOYTM2VGUrNjRVZnQ2L1ZobFMzQXJzeDlJNzVxWFRQamlGUDZUQmFVNlI3dGg2dWdUWVNMcXR0ZXR2eVJNVlI4ejY3KzNUc2tWelBybE0vaTlVSmZOblhzRXZXZVRjL3ZodlAydjRVRUtOL1YvRUZRdWkzUFNmTElDZnlWaTVkWThqVjFFZE9WWFpITmlmQThyUitSeUFkOWNFaXluZmRua2RxNmhCdy9PRzlGVnl0YUYyODNiQTlYYUhsSGpZOHZWZVBKa1NmSmViVkRic2Q3RUZkVDBhYSt5dCtLTEYwYVZPbzk0SEhYU3QzaGpYZ0NMV2JqQUlaY0pMWjVXQVBJSzBIKzVWQmcrYlNmTmxXdzJkUG84VnVKYkpUNDlOd29nZHhYb1QyT1FjNDRYcUJyMWd5a3Fvdz09IiwibWFjIjoiMjRjZWZlZTJhZWQ5NDJhZGM4NmZkMGQ3ZDM4OTQwNGQ5MmQ1ZjQ3MmQ3YjMyZGZmYTQ1YmYyZTEyYjkzNzBjZiIsInRhZyI6IiJ9----eyJpdiI6IlpsTUl5N1lTQWw0MGpzUHZmMmFqRlE9PSIsInZhbHVlIjoiL09tR25VcWsyV2p1cEo3V0NrOUFxMDUveHM3Q05zVGFDZU4vSzdnYVdlTDZoaEdaWEZ3SCtwMU1SU003a0VVWHNZQ1kzNXR2KzZBMXdXeDhvUG4rUVpRVkNkTVFhUGx3S0JuU3NFNXZVZlhDM1hvaDRLZE1GamUrMGw3RFo4QW5kNFJ3ZnYrdGpaUzJENGRIUjJvYnFpRkx5YkJPTE00c2ZaQmY2cWtQZXRsTFp6SDBDWTk2eVhEZ0x5UmZGa3dhQzF3KzNESzI4TEI5R3hySVZHV1VnNDNJd0pFRXdHMzhHS3ZBZW1pcWVsYVh3VGdNREVoN3c3MkJwYndQUnFPZ056MkQwL043ZVJxbkV5SXQ4VnBpaW04UVcxaWRDQkJySmZaU0RFRDRVVG16TWNhT0llemRiaEtpbHlzWi96aHZDeFg3bXJZK3hCeS82Y2VoYkpUemhyUTdxWVF1Y3N4OXB0Q0lQbFFyYmdOMnhtRnFRL1I4UkROcG8xeDU5TVdzeUpXbVU3YkpLOGVJS3lPV3VmWnpyUT09IiwibWFjIjoiNTViYmYzYTA1YzU2M2VlNDczYTE0NThkMjcwZmE2MTdkYmU3YmZlYmE1OWFkZjNjMTViZTJlNDA2ZTlhNWE0MCIsInRhZyI6IiJ9----eyJpdiI6Ilo1U3lIdnNQclpDNEFDNE9NYkRhZVE9PSIsInZhbHVlIjoiVEdVbnd6cE1QamtLK01jS2d3RnFTUHdHS04zQzlpQmZjcUY5Lzhzcy9vOXJhVGNnanlwTlZCSXh6d0h4UVRTNENCT1V6VmF4WklDNmtTRHhhUDloQ3luVEZIVG4vbXZyZkJ5dytoRGRtTi9DQnR6WEZHbExPU1UzS3ZYNGN5dmhUS2tuWGFaRElMd2NadEtBL0RsaFNyMEZHSFhyRjNWbkJnenAxMno2NjhybE1Qamw2WnhYeHBvMHk2VFhPWGZPaGlGcGY1RDFleVFGRFpxdGl6VkQyV1kzWUpMRVNDNmtPcXl2b2JPa3FBY1R5dXlraCtDRXlXTnVEUlhKWm8rUXp6dmhPQ280dmdPYTE1L01IYjdQdEtMNDgvNVVHZVJldEVPOWlVcEo2MnhwbXNPUngrRnFZVFNOdUJGL2lBQzRYbytGVmVPd05DNXlMSUlRSHRQQjhqQVNTMGtNN3Rxa0E5aEMwdFFEMllCU2RPRTlnZUZaRjBMSlRDb3BLcTlub2U4UlFvdWVIQXpTdzdkZFRWdzg4U3BWVHdoSkxOb3VWUkxyM2J1VjR1YWtmTm1BZzRTUm1BODZDMGtERis5TEdtRkRxdlBEYk9Pc3dkTU9xR2hjR0NPSzFIcGdaME9FQWNyNzU1cndLcFZUVTR4dGFIRzFRazJxWlFFV2Y4VXNlWUFyNklXSFV1V0lEREozWHhSTDlhWFRqblkzWkVCMk5UODNlMlJpL2ZHZlhVdFNoeTNyaVlkUGgxcnVJb0RvNWR6TFVZWGllRFRDb2JsMVRWZFIrTHh5TjdrcERrUGs2M2h1b3pMcjhSMmxERmUzbWYvc0ZWSWloakFubGNYZzVxTUp0a0o4Ni85M2xhTWNVdnVQd0VLMHNUTVpVZjlPWEhRVlowREtQRnh2NnZlVS9QaHNUVitwOGw5RzUwdzg2OEJUMVZPOWozUFEwUll6Y3NjTWJmdzZ3M2YxcmRRMEdYa2JiVFRKSGxPV2FDN3NiMkxYaEcwWWloMHZ3UURjOW9rdU85OXpNdHhjK2YvNno1TGdNRktPc2RJSVo1dml3WVJRUk1aWDk0OW05Z1pia2kwUE56MmdBWm5TZXc5dTlvaVU1aklkRzliSzN0eTZodG9SclE4YksrMUNXTHZWMXRUb3Y4V29JOThFTUkyY3NHYm5EMmVPRE9tZG4rZE11VXNCemN4K3FvZGVNQ0NSNmtEVkFIK01zYXlxcllkNG5ySGVtaVpZamNQM2dGS0xiRERucjlvNnhIMUZDYW9SWjBtWW5reFI2Q0ZsdXVQdE5MTDNrejBJVEc0WTJYUDhoTjR1bzIwcUxDbCtQWDZPcDA5TlViRWdJeXdVMFIycDFYRyswRDcvaDBrSExvVWc4NjA1MERqelNmZG1meHc3WkdBYnRVck5lUzNwdzlGak5SWE9WN3FwdXJBRmpCYzNJV1VZdUlMSVE1a2xsWXdGdmM3ZnVqdGJaL0ZKdVNNWG9FYllOaFFVQWRwdGswcEFvMVdCRGZJb2RRaWIxaitzIiwibWFjIjoiYmRhNjQ3NmZlOGRlNjFkMWQ0ZGFmYjExOTgwNjI2ZGI5NzNjYzBjMjdjMDAxYzMwZjQxYzRkOGQ3YWUyZGI1NyIsInRhZyI6IiJ9', 'monthly_rent,daily_rent,electr_charge,other_charge,security_amount,maintenance_charge', '2021-12-29 09:39:50', '2021-12-30 12:27:21'),
(6, '1', 1, 'Daily basis rental', '', '1', NULL, NULL, NULL, NULL, NULL, NULL, NULL, NULL, NULL, NULL, NULL, NULL, NULL, NULL, NULL, NULL, '2021-12-29 09:40:22', '2021-12-29 09:40:22'),
(7, '1', 1, 'flat - apartment', '', '1', NULL, NULL, NULL, NULL, NULL, NULL, NULL, NULL, NULL, NULL, NULL, NULL, NULL, NULL, NULL, NULL, '2021-12-29 09:40:34', '2021-12-29 09:40:34'),
(8, '1', 1, 'Residential House', '', '1', NULL, NULL, NULL, NULL, NULL, NULL, NULL, NULL, NULL, NULL, NULL, NULL, NULL, NULL, NULL, NULL, '2021-12-29 09:40:57', '2021-12-29 09:40:57'),
(9, '1', 1, 'Villa', '', '1', NULL, NULL, NULL, NULL, NULL, NULL, NULL, NULL, NULL, NULL, NULL, NULL, NULL, NULL, NULL, NULL, '2021-12-29 09:41:09', '2021-12-29 09:41:09'),
(10, '1', 1, 'Builder Floor Apartment', '', '1', NULL, NULL, NULL, NULL, NULL, NULL, NULL, NULL, NULL, NULL, NULL, NULL, NULL, NULL, NULL, NULL, '2021-12-29 09:41:24', '2021-12-29 09:41:24'),
(11, '1', 1, 'Penthouse', 'penthouse', '1', NULL, NULL, NULL, NULL, NULL, NULL, NULL, NULL, NULL, NULL, NULL, NULL, NULL, NULL, NULL, NULL, '2021-12-29 09:41:34', '2021-12-29 09:41:34'),
(12, '1', 1, 'Studio Apartment /1RK', 'studio-apartment', '1', NULL, NULL, NULL, NULL, NULL, NULL, NULL, NULL, NULL, NULL, NULL, NULL, NULL, NULL, NULL, NULL, '2021-12-29 09:42:03', '2021-12-29 09:42:03'),
(13, '1', 1, 'Paying Guest / PG', 'paying-guest-pg', '1', NULL, NULL, NULL, NULL, NULL, NULL, NULL, NULL, NULL, NULL, NULL, NULL, NULL, NULL, NULL, NULL, '2021-12-29 09:42:21', '2021-12-29 09:42:21'),
(14, '1', 2, 'Office Space', 'office-space', '1', NULL, NULL, NULL, NULL, NULL, NULL, NULL, NULL, NULL, NULL, NULL, NULL, NULL, NULL, NULL, NULL, '2021-12-29 09:42:36', '2021-12-29 09:42:36'),
(15, '1', 2, 'Co-working space', 'co-working-space', '1', NULL, NULL, NULL, NULL, NULL, NULL, NULL, NULL, NULL, NULL, NULL, NULL, NULL, NULL, NULL, NULL, '2021-12-29 09:42:50', '2021-12-29 09:42:50'),
(16, '1', 2, 'Lands & Plots', 'lands-plots', '1', NULL, NULL, NULL, NULL, NULL, NULL, NULL, NULL, NULL, NULL, NULL, NULL, NULL, NULL, NULL, NULL, '2021-12-29 09:43:10', '2021-12-29 09:43:10'),
(17, '1', 2, 'Office in IT Park / SEZ', 'office-in-it-part-sez', '1', NULL, NULL, NULL, NULL, NULL, NULL, NULL, NULL, NULL, NULL, NULL, NULL, NULL, NULL, NULL, NULL, '2021-12-29 09:43:29', '2021-12-29 09:43:29'),
(18, '1', 2, 'Shop', 'shop', '1', NULL, NULL, NULL, NULL, NULL, NULL, NULL, NULL, NULL, NULL, NULL, NULL, NULL, NULL, NULL, NULL, '2021-12-29 09:43:41', '2021-12-29 09:43:41'),
(19, '1', 2, 'Showroom', 'showroom', '1', NULL, NULL, NULL, NULL, NULL, NULL, NULL, NULL, NULL, NULL, NULL, NULL, NULL, NULL, NULL, NULL, '2021-12-29 09:43:52', '2021-12-29 09:43:52'),
(20, '1', 2, 'Commercial Land', 'commercial-land', '1', NULL, NULL, NULL, NULL, NULL, NULL, NULL, NULL, NULL, NULL, NULL, NULL, NULL, NULL, NULL, NULL, '2021-12-29 09:44:06', '2021-12-29 09:44:06'),
(21, '1', 2, 'Warehouse / Godown', 'warehouse-godown', '1', NULL, NULL, NULL, NULL, NULL, NULL, NULL, NULL, NULL, NULL, NULL, NULL, NULL, NULL, NULL, NULL, '2021-12-29 09:44:28', '2021-12-29 09:44:28'),
(22, '1', 2, 'Industrial Land', 'industrial-land', '1', NULL, NULL, NULL, NULL, NULL, NULL, NULL, NULL, NULL, NULL, NULL, NULL, NULL, NULL, NULL, NULL, '2021-12-29 09:44:51', '2021-12-29 09:44:51'),
(23, '1', 2, 'Industrial Building', 'industrial-building', '1', NULL, NULL, NULL, NULL, NULL, NULL, NULL, NULL, NULL, NULL, NULL, NULL, NULL, NULL, NULL, NULL, '2021-12-29 09:45:03', '2022-01-04 06:42:32'),
(24, '1', 2, 'Industrial Shed', 'industrial-shed', '1', NULL, NULL, NULL, NULL, NULL, NULL, NULL, NULL, NULL, NULL, NULL, NULL, NULL, NULL, NULL, NULL, '2021-12-29 09:45:21', '2022-01-04 06:42:39'),
(25, '1', 3, 'Agricultural Land', 'agricultural-land', '0', NULL, NULL, NULL, NULL, NULL, NULL, NULL, NULL, NULL, NULL, NULL, NULL, NULL, NULL, NULL, NULL, '2021-12-29 09:46:07', '2022-01-05 10:39:03'),
(26, '1', 2, 'Farm House', 'farm-house', '1', NULL, NULL, NULL, NULL, NULL, NULL, NULL, NULL, NULL, NULL, NULL, NULL, NULL, NULL, NULL, NULL, '2021-12-29 09:46:17', '2021-12-29 10:06:18'),
(29, '2', 4, 'Land / Plot', 'land-plot', '1', NULL, NULL, NULL, NULL, NULL, NULL, NULL, NULL, NULL, NULL, NULL, NULL, NULL, NULL, NULL, NULL, '2021-12-29 10:37:20', '2021-12-29 10:37:20'),
(30, '2', 4, 'Daily basis rental', 'daily-basis-rental', '1', NULL, NULL, NULL, NULL, NULL, NULL, NULL, NULL, NULL, NULL, NULL, NULL, NULL, NULL, NULL, NULL, '2021-12-29 10:37:48', '2021-12-29 10:37:48'),
(31, '2', 4, 'flat - apartment', 'flat-apartment', '1', 'eyJpdiI6IlV0V2ZlUWFLWmh0STZRc24rMVhmb3c9PSIsInZhbHVlIjoibjFJK0xBVXpzUFdPektGVHp5eVRGVWVvbkdyN1hiaWFMTElBS1N2QUc0TU04dnN5Sk5UcVQ4MCtGL3dlZTR1VVlhSitPWUhmMVBZUWsvYUkyUWQ2emNpb1dNRmVRMzlhOURDZzlXVWpUYjg5YWdKdU81a2RjeHEybGdFMnZLbHc1SjZzWnlGcjJXcHQ5ZGdlb3U3OEhUS2c0dHgzSktNNUZIK1lFS1pSU3hqOW5rVWg3R3pxSG5JejRKc1ByMkJqd2l0UVNjK0t3bG1HTU40L3FENmx3Tkx5QllWKzRrVjQvZVJHZ3ZSMzEyMnU5b1FpUzR0dU4yNjhQWTdGL3gzejUxUFQvSVhtVmVtUEZGdmZrcThFV1NoM0Y2TmlqRitUZFRRaEtOYnFQQjg9IiwibWFjIjoiZDVhMDBlMmIzMDE2MzBkZWMyNjlkMTJkZTc5NDViOGM0Mjk2YWEyMWY5MjVhNmZjOTJjMTJiMGMyYjZlYTA3OCIsInRhZyI6IiJ9----eyJpdiI6IlFiREY4SHd5MWpSTzd2dHlMUWxjMkE9PSIsInZhbHVlIjoiaEY0aTZiNmxiVXFLalk5bmc3YnR1VzEwY3BmbW1HbFFOMkNUYUowdGlTQ0w1SnVCTFkyTjl0V0VxVUZqQ2RpM3NwcGR3Ym9zNUJlMER1VDJ5bDB5alREZjJFQWFmN09FeVlvbXRZMUd3VXBMNDVzaVErTCtFRVVRUElhUkZxTThDaTFMeXZ6d3dEOVp3dTBERXpCRmdDZ2xUbVhJS2RRMkxBeWkvT2dIN211WnZQelRXNlZaVWR6cmVwakFFeDNGa3JVK3FPZy85ZDhvU3JLRC9IUVIxb2Q4dDYwOUdJblFSak9pLzVjbWdMTjZoYWNMTHdGcitXcmttYUYyQ3RpRSIsIm1hYyI6ImExMzg4Njk3Y2UwNjUyYzBkZDJmNGEzYjY2Nzc3MzQwZTg2NmVlMGI2ZjRjYjNmMmVlNGUzOTMyMzA5OTM3MjgiLCJ0YWciOiIifQ==----eyJpdiI6InI5WlFQOWVBVi93aG1ZUENHdGY1eGc9PSIsInZhbHVlIjoibEU2d1lFT0gzSEdwUFdCWWkrblc2ZmxIUWVQSkREbTFKSFBac1U2cXFGdzRKSUpXQ3dyOW5PY05YUUNGZTJLMUdrdE5qbkY3SytlVUxSNi9NaHpnTHpSQVZvaXJtYktlRjlpMXZHT3lJMjZMNzJvQlFBZWVoaHVCOHBlU2lDUDJveVpCZVRhL3BXeVNkQzc2c2hGT2h1M2N2emtHakFlV2FBWnNva0VVMWgzNDRSM1ZIdnlhQ0ZtT2hKazZWUGdsOVR4RTVJYUZ1ajN3dWpuOENONEJiZGxwNTN1OHI4WWRtSmh5SmhGNzFhRlZORFppb1VKdmx6ZkFrd2twOVVBZS9hZWc0ZjltTkFBNzFSVXlXU1laTHpuV1FZR3hwYk00ajlNUE5uMktuSDVmVml5U0JqTWFzWVhLS3NJOFBXVlVUOFZSaUhNZ0lJY2xoeFVDclpPNXl1bnd5RmtXRDZTWU1PL3NhZU1GR1dnPSIsIm1hYyI6IjBhMzdhZGM1MDBlYWQ5MTcxMDE4ODcxMTU4Yzg4YzAzZjRhNjQwNmNiNWU0ZTEwYzBlNDA5YjkxYzllYzZiNDAiLCJ0YWciOiIifQ==', 'property_name,state,city', NULL, NULL, NULL, NULL, NULL, NULL, NULL, NULL, NULL, NULL, NULL, NULL, NULL, NULL, '2021-12-29 10:38:04', '2021-12-30 05:36:22'),
(32, '2', 4, 'Residential house', 'residential-house', '1', NULL, NULL, NULL, NULL, NULL, NULL, NULL, NULL, NULL, NULL, NULL, NULL, NULL, NULL, NULL, NULL, '2021-12-29 10:38:16', '2021-12-29 10:38:16'),
(33, '2', 4, 'Villa', 'villa', '1', NULL, NULL, NULL, NULL, NULL, NULL, NULL, NULL, NULL, NULL, NULL, NULL, NULL, NULL, NULL, NULL, '2021-12-29 10:38:31', '2021-12-29 10:38:31'),
(34, '2', 4, 'Builder Floor Apartment', 'builder-floor-apartment', '1', NULL, NULL, NULL, NULL, NULL, NULL, NULL, NULL, NULL, NULL, NULL, NULL, NULL, NULL, NULL, NULL, '2021-12-29 10:38:47', '2021-12-29 10:38:47'),
(35, '2', 4, 'Penthouse', 'penthouse', '1', NULL, NULL, NULL, NULL, NULL, NULL, NULL, NULL, NULL, NULL, NULL, NULL, NULL, NULL, NULL, NULL, '2021-12-29 10:39:01', '2021-12-29 10:39:01'),
(36, '2', 4, 'Studio Apartment /1RK', 'studio-apartment', '1', NULL, NULL, NULL, NULL, NULL, NULL, NULL, NULL, NULL, NULL, NULL, NULL, NULL, NULL, NULL, NULL, '2021-12-29 10:39:40', '2021-12-29 10:39:40'),
(37, '2', 4, 'Paying Guest /PG', 'paying-guest-pg', '1', NULL, NULL, NULL, NULL, NULL, NULL, NULL, NULL, NULL, NULL, NULL, NULL, NULL, NULL, NULL, NULL, '2021-12-29 10:40:00', '2021-12-29 10:40:00'),
(38, '2', 5, 'Office Space', 'office-space', '1', NULL, NULL, NULL, NULL, NULL, NULL, NULL, NULL, NULL, NULL, NULL, NULL, NULL, NULL, NULL, NULL, '2021-12-29 10:40:14', '2021-12-29 10:40:14'),
(39, '2', 5, 'Co-working space', 'co-working-space', '1', NULL, NULL, NULL, NULL, NULL, NULL, NULL, NULL, NULL, NULL, NULL, NULL, NULL, NULL, NULL, NULL, '2021-12-29 10:40:25', '2021-12-29 10:40:25'),
(40, '2', 5, 'Lands & Plots', 'lands-plots', '1', NULL, NULL, NULL, NULL, NULL, NULL, NULL, NULL, NULL, NULL, NULL, NULL, NULL, NULL, NULL, NULL, '2021-12-29 10:40:46', '2021-12-29 10:40:46'),
(41, '2', 4, 'Office in IT Park / SEZ', 'office-in-it-part-sez', '1', NULL, NULL, NULL, NULL, NULL, NULL, NULL, NULL, NULL, NULL, NULL, NULL, NULL, NULL, NULL, NULL, '2021-12-29 10:41:05', '2021-12-29 10:41:05'),
(42, '2', 5, 'Shop', 'shop', '1', NULL, NULL, NULL, NULL, NULL, NULL, NULL, NULL, NULL, NULL, NULL, NULL, NULL, NULL, NULL, NULL, '2021-12-29 10:41:16', '2021-12-29 10:41:16'),
(43, '2', 5, 'Showroom', 'showroom', '1', NULL, NULL, NULL, NULL, NULL, NULL, NULL, NULL, NULL, NULL, NULL, NULL, NULL, NULL, NULL, NULL, '2021-12-29 10:41:26', '2021-12-29 10:41:26'),
(44, '2', 5, 'Land', 'land', '1', NULL, NULL, NULL, NULL, NULL, NULL, NULL, NULL, NULL, NULL, NULL, NULL, NULL, NULL, NULL, NULL, '2021-12-29 10:41:37', '2021-12-29 10:41:37'),
(45, '2', 5, 'Warehouse / Godown', 'warehouse-godown', '1', NULL, NULL, NULL, NULL, NULL, NULL, NULL, NULL, NULL, NULL, NULL, NULL, NULL, NULL, NULL, NULL, '2021-12-29 10:41:58', '2021-12-29 10:41:58'),
(46, '2', 5, 'Industrial Land', 'industrial-land', '1', NULL, NULL, NULL, NULL, NULL, NULL, NULL, NULL, NULL, NULL, NULL, NULL, NULL, NULL, NULL, NULL, '2021-12-29 10:42:12', '2021-12-29 10:42:12');
INSERT INTO `property_sub_category` (`id`, `type`, `category`, `subcategory_name`, `slug`, `status`, `property_location`, `property_location_key`, `location_advantage`, `location_advantage_key`, `location_environment`, `location_environment_key`, `location_commuting`, `location_commuting_key`, `location_interest`, `location_interest_key`, `property_features`, `property_features_key`, `property_area`, `property_area_key`, `property_rent_lease`, `property_rent_lease_key`, `created_at`, `updated_at`) VALUES
(47, '2', 5, 'Industrial Building', 'industrial-building', '1', NULL, NULL, NULL, NULL, NULL, NULL, NULL, NULL, NULL, NULL, NULL, NULL, NULL, NULL, NULL, NULL, '2021-12-29 10:42:24', '2021-12-29 10:42:24'),
(48, '2', 5, 'Industrial Shed', 'industrial-shed', '1', NULL, NULL, NULL, NULL, NULL, NULL, NULL, NULL, NULL, NULL, NULL, NULL, NULL, NULL, NULL, NULL, '2021-12-29 10:42:34', '2021-12-29 10:42:34'),
(49, '2', 5, 'Restaurant / Cafe', 'restaurant-cafe', '1', NULL, NULL, NULL, NULL, NULL, NULL, NULL, NULL, NULL, NULL, NULL, NULL, NULL, NULL, NULL, NULL, '2021-12-29 10:42:55', '2021-12-29 10:42:55'),
(50, '2', 6, 'Agricultural Land', 'agricultural-land', '1', 'eyJpdiI6IlhOL1VCeXNxSmpSUFJnNEdYeSt2UHc9PSIsInZhbHVlIjoiam5CNC9sNVpkNkUxT0VnRkYxenVwYjROaHh4MlFkcm9wRTVYK0FUd0ZBc005SXBCaFVXQTh1TVhCL3RMM2JrbERiSjM3SFRyaldaUFVaVmw5Y3Y4ckh5TGdsaXlOY0JxVWNNODVlL1YyY1JjalZMYkFBcEVjSWRxOHovN3czYnh4MnpmYmsreVkzeUEyS3pqb0theno3NnZWRzdSbXBsTHVEWmdreXMvWTQzWWYwblJNbjB5V3BpRFdwY2V3WnJ6a2V2UkczYmVsWVh4bUpnd0wzNWVNbVhmZEY2Ynl6bkZpMzE5QmVrNHJqNFpEWTRkMG1qUEYwdENsVmFTdUdSVlAwaHkxUDU2TVp0QktNOE5RTldmTThoeTgrcStudjVFaFZlS1lSL3VMT3c9IiwibWFjIjoiYWMwMzZiYjA0YWZhOGJkMzdkY2ZjODJiMTYyNTA1MmQ3NDM2NmZjZjU2Mjk5ZDVkYTk5ODM3NjUxNDFhNmVlYyIsInRhZyI6IiJ9----eyJpdiI6IkRFdUx0UFZMTjZ6anhYOWh1SEtxRkE9PSIsInZhbHVlIjoiaHFEVUZFUDhHRlVXL1MybW5MMjN2VGFvTUNKQWdGdTA5K0l2UU53ZDZJNEJIQXF5eDlZVytnRE54VzlBeUkrQ0NjdzlGNUQyYkpyWm5oYmZmNmg1OGVXblNPNGpjc0h1SXFWRDJ3ODNqd1o3enByTDZwS2dYbUlLTXdNd3c0RDlwKzRWLy85aGExZEFCTXhPemVZVTVUbHN4YXRaMGdmdnp2RkxkZ2hxY3k2Q0Y2bDBJejdwNHN2OHhXNEIvL0hvNDBoVllFR1o3L20wQWV2RE9DSmJZbTVpWGZTWlppZzZ6aVRHMkpuVEFXWHo3S0RGWkhMcEJHdzZtVmgzL09LUiIsIm1hYyI6ImY4N2FhNjY5MDJhYTFkMzRlMjExMDUyNGMwNmQ5MTk1NzhiZDc1YmUwNmUxNTA0MWNjMTAxZjJmZWRjY2ZjY2MiLCJ0YWciOiIifQ==----eyJpdiI6IktoN1NGeHlWZHJGdEsySk13RzJkYVE9PSIsInZhbHVlIjoiR0Y4K0g4T2lydzBKOHpreDl1TGlqRGRNamdLTXZMdW5iSDU5WWJlMmJGVXprY1QxeENRQlZuU0Y2K2NvY3hLclFESHJBZ3NKOTNJcXZDWUxxckwvaVRpTCtPdmlaYytmTWxucG5aa2VnREhhMk9aTmtpbjlLK1ZZMEpNb05OTHlOaHJMeUdmblV2TUx6Q20xMXVSOERoN01mbDN0UzZwZFNnVjVBZTZUZHJXMDI0NDFKdmphT0g2U3dyRmNpa1ROM3M3b3FvaEpENHMySmsxdmNtc0hrUmNWcGtwZHF6eGl4QjVSbFV1Ym43LzNqS2pjSTdsL0pXNUJ2Z21qNmFqTDF1bUpGY28yaUtPSlVDUGl2OTVCUzgxRFhiNHRXQ1dQWllxOWs2V2Z5VnNmV0g3TkZMVEVCWVBXZHVlZnRzK2dKazRNcDIyazdhSklyR2lWTk1xRnVmd081eHgreXBzYnRLKzFDRm1RQ21RPSIsIm1hYyI6Ijg1NzQzZjViZDI0NjlmMjA2ODk5MjUwZTVmYTgwNTk0ZTJjNzI0YzYyOWNhZTRiZGUxMTUwYWFhMjBhZWM1MDUiLCJ0YWciOiIifQ==----eyJpdiI6InpRYkNTZVl2eVlZUnBheW9DU1Q5NkE9PSIsInZhbHVlIjoiL1hseDRxTk1oNnM0cnFUTzFZUGJGZnlUS24rdkszb0ppK1Jsejc3MklPd1M4NTNENWJIU2dqZkg5NTFjYld3ZWFrS3VWM0I2b1FZYUJDUGV0L0laRkZlR2E1QmtsR2FLZUVNQ1BTeERVbysxS3h6TDdUREhrVEh1bU1GVjJQZWFuT0RqVkVJejAvV0NzdGNmK1VXbXVoRVh6S2lpY2JyeWYvRysyL0YxdXZmM25zdllNS2hNYzdHMjFscTdRaU4yNDZwRERNbzUyUldLUVRxV3dQR1dNVkZQak1JWTkyYUJRUGhzbVJEUVdMSFBVdmhaMW9ROXZ5MDY3Y0JKM2xnQ3FhS2JWQTdMb3J2c1RMcGN6cmxveStLNzZZRUtrUi9aencrbnRaT1l0VzY1M21GMG5TL05YU2VSbXhzY1duaWtqVjl3bGNsTXFjQVNwLzdFcHVHQWg2ZUZUNFFBbitmU2JSWG1lSERHK2xyNEFVTGNZeEUzMFMvQmNGbUNVd0ZRIiwibWFjIjoiZjI0MWM4YTRkNDk5MzhjYjhlODM1MzRlZDBlZmNkODNhZWQ0YjRiNDdmNTg5YzNiMWNkZjc3YzRiOWUwZmY5NyIsInRhZyI6IiJ9----eyJpdiI6IlFRMVdsaUlHTkdpVUZhL3VtMDFuWGc9PSIsInZhbHVlIjoiaEdMazZMOGdnVTZWVDhRTnlGVjVURlQzdmRPNHNDM0JGUGZuN3BOUmRVSlJwWnFSd09kUzdVM1dkSUxzSjdzM0tCcFlyQk0zSkl1Q2p6TXo0UnloUjdjaUxnMyszNXBIcmduVFpyVFdOdkFQT3VXam03ajY4RmhUcktpcWNNMEFwQlRzT09hMUVPUXQ5ZnVDc3JvczJrUk54Q3FNK1ZWdnJRTFhubUtCRWpGTGp4VmJ0SXlodm5VRWZyN0hOaDVDTFgwMjU4NVdyYnRKUURPRy9IUllTNXRTeUtMU0svVnlHUStZTWFaY0VQVEYrZjZTQ2FvdGZtcUwyclJmV0hXSi9iWDJxdDlYRDdsNGlrYWhtUGl4U3RuWHNBbnFVYlZ3K2x5NktNWEV1bTc3Z2p1b2ZEblhPaEhGZ2dwTGVFQ3hvalNWMVV6c2RwYkRtMXQ0cHkxSmdvMXdzNFdPQ3JtcFljdEd4Z25TTCs0NXQxVUJIR0tTUzRYanNPMlBXWG5nUnd2YStoUUtONFdZMFAydVArNDl3aWY0R29ldkd2S0hReUVYTkpzNFdnbDhaczVDUnp2S1FYSkkrY1pxREp2TEZ4cXR6R0l0SHBvelF1K1Z0R21ZeW9DcHVTNEtsMTF4NDVqSWFNYUhFY2FmcDJIbVRuMW9OWHcwdVNOQUs5SmNkTVVUY0ZFNjFCQW11TVVzUGZrZEM4dEQ4Mi9NdVJjK2wyNk1Razg3enkycHNqVEplZk5TL3lOYml0WWlxemh1TkEzalhSMFQ0dHBDY0tFSEZYL2VnZ0NKNW92WHBDMWhhY0FoWFJjSE1sSExlQ3VVT2FzOUQyMVpORnIxdE0weWhEcjVlSi8zQjgzTWYwQi81RC85QVhlMjdjOGZHYkpJZHRhQzFwVWYzR1liSm5Ia1RScUVKLzJNSVFXRUlJQ1M2M20zSk04a0ZxUldGNHFPMWc5elQ2OHI1S1hPTVlyL0lsdTdCQVRkNjhDSE5xV040YnlRcWVXcFNiUk5oM1NDMnpQeTA4aW0vZU9uc2hKT0dwMkpLS1JjR1ZwMGdTMTh3dGJQbEI4SmIvUVVCdE9hdDAwZDIzOW9VVDZwS2pUdDFCa1V5b1Y2L0lmcWpPVndLcUZwNmtwZ3Ayb2l4NXZnSjdsSVZZcTBmU280SnlKb0Ruck1pWTlKTEVKY1prZHp6ZGVvSnFBeUk0Q2czU3drK2ZpSysxdXNVbnlvSnZmMXpMcWMwYmEvVHY3NHZDN3FqeVd6d1BabTJHYUkwYWZTZnVOcVZCdGZMclZVcFZZeE1ud0VuSzdIc25iQWVWUEdkVGZmQzNBYlAxdEI1RWJraUo0dGkrZXdGZTA4K2UxbHpGZlpTWDlXVXBUSTR1enFYUlFKWk9SWlFvL1pZUDVhRm1iQUs2ZHYvOGdSM1VGRVZoZXRhd25tSVpXZXdaWHkvekIvYzhhdHJMUU5sSzh5a0FaT0VDazNnZHBhcDg4T3VRcm83ZUNXWEdtNzBRUXY2TkF4Y1Z3M2Z2OHFQenRmVXVWMm5pL1VJZXYwUEw2QWFoNHA1OCtvUlZTdFdSZW9kWDVnY05nVVUvcGs4bG5mTTU5OG9nVEh6V2NmdmdrMzlUSVpma2IzQVpHRTJKOHBNT01TQ2g5VG85akRFVHNkWVNlem9BakZLSjVKbFJ3T1lkSHlFQjRIMFI4ZG9aYzJXL2lyK2k1a1hDckxFc2E3SHc3d2NIK1A3WU1QK3M5MUlzdGtlajl5RjhKWmRUNFJURTk2SE40S1ZIbVNPdHNacDBEL0Y0T0FWTW95VmRQYVcrSnJvVmRDcHdYSlBJaDBhTW1oNkVZeGwvR2taYmd1clg1SUcrVnZmRUNBQ1RLckZoWWw2eGJ4ZE1LWlZoRXI5Zm10Uk52d1Rsc0tuKzl6QlE1TTZnUkJ1elpxcUg0N3NZYmUxSkE5UVpKbnhONFJwa2ZVbXhPMXpCeXFWSEhPYWg0cWVWSEN1bnRWenNac1k3TGN3a0NGMEw1dU5FVmFvSnErNDdoUzJEQUdQUFVydVpOYkgwTkdwMXJMejU1OGxmcHRmMWVtaWQ5aFAyZ0szZHpSRVgyTlN2T3JZVmt0YTUrMHdldTFLMFIrK0xHVXkySW9OSGE3OXlPL3UrWThxOFB5cXRFVVFqREwyVGswU3FuQ2pEUUc5WDN4WjlLNW51T0RyRUtnUUxQMTQrdnVJY1hzWk5LZDlUNnZIbnV5ZHRwU1VIV2pSQmNMQmpQeGQwRk55eitNU1FHMVgwUHZ2MTREMkphN2ZoT3hXZVh6cTJLZnNqeVNycWhHM29TMng0cUkxNUo5UWQrU015cS9HN1dsYllSVjlKVVFPS3V3TDRXL0lXR0xnQTNFSlMvZnlxVmg2VUE5OVF5aWM4aUl0aDN4aFBKNEdxVm1TbWIxdjcwbnlIUUpIblorWWNENlVGQWt3RFd2MDdoVXlmdkwiLCJtYWMiOiI4Y2M2N2MwNzdkNGQ4Y2Y5YzM5OWJkZmEzODBjY2Q2OTRjOGE5NWY3N2IyMjVlZTE4NjJjOGM2NmQ3NGI3Njg0IiwidGFnIjoiIn0=----eyJpdiI6ImFON1ArWjNzU2RzNFkzZm5wNVh6aGc9PSIsInZhbHVlIjoic21hcXZUekFKL2VmSmhwYVFGbmVoRWZwVUpQOXNSKzMyblorQzljZ1A2NTFOdTJLRHdtQUswT0pXdFlOSk1LWTZxeWtDQyt5Z3c0ZGwzZ0hPb3JJSWVQcWlHWmFaYkpiaFEwSE9KWHFUVllTb1ZkQWZ5bjNETUZEQ1orblBBclR0RWY1SW5vREdkeTdJVlZQaWFTbzdLMTF6OFdOc3g3MUJaR3Z4Qks3N21xRE9uOFUrT1lPU2ZGbXJTSlg4b3N2ZlhxRWl1aXhyNVJFa0dKTFpLUW1SSU1xQjVRWC93bEY1NjdqRW8rNHZUbEo1Wnhnejk2UWkwRUpVREwrTHR2QmcwUjJkK0piM0RVUi9ReUk4Z21xTFNySDlXc0xNUmlkSkJVUVNRTmhqbHVqcTdjMG14SmVlMU42WWdWamJ1Y0YiLCJtYWMiOiJiNTM4ZTU4Y2U4MDYzM2EzNzBmYmVmYzg0ZGU3OTI5MDIxNGQ5NjJlNGM4NWZkOTJiMzc0YzRhNzEzNjhkZDdjIiwidGFnIjoiIn0=', 'property_name,state,city,locality,land_zone,near_by_business', NULL, NULL, NULL, NULL, NULL, NULL, NULL, NULL, NULL, NULL, NULL, NULL, NULL, NULL, '2021-12-29 10:43:06', '2021-12-30 06:05:35'),
(51, '1', 3, 'Farm House', 'Farm-House', '1', 'eyJpdiI6Ii9WMlRMc0hMd2lDTTVYazVSNjJYZXc9PSIsInZhbHVlIjoiWXljWHg5MWZ5dittOVF5UjREZVdoc0JLbklwV0RRK0pHZStkdkdaMldrOXBPVjIrdHRIK3ZsZHVFTGJLcS9Bc3lXZzZZeHNJRjdkTUNoWXBqUS84MlUxNHdZSEhyWWM0YkNVallaaXJoOEdTSm1DSXU1alYzMWNnK3Y1ZmxkcjhybWMvbUMvNVZFcUlvL0hsYmJpLzZXclRUR3E3UFBZKzRtNDRGazIrSmNUdmFKQnBWUHJEekpkK2VNcjIwdVhobWtjTm45anhTdlRzM2hPQzJzYU51emQxYjlIeTBVOXA3Uk1Xb0d5bSt2azFidFZrK2ZPVzBkNnB2R2VpcDVnQlRrdTVJaFZjc05YTkV1ZnA5dDJDdFB5Z3JsdXpiUmV5RWt3WUVWdG9Xdzg9IiwibWFjIjoiNmE0Nzc0YmU3NmEyZGRlMDU3MjkyN2U3ZmZiOTY3MDEyZTIyYjVjY2NlY2I3NTQ5Njg1ZmRkNDdjYWEyMzA2ZCIsInRhZyI6IiJ9----eyJpdiI6Im9jcHhuTE1lSkMwREUweHB0cjllSlE9PSIsInZhbHVlIjoiK1lPSEp5bmJYQUZwenlPYUpTbm54QnR3K0R3YXFrSW5EUENFY3NyWUxIbExnWFNIZzRhOXZVRktXSWxkbUZaTjdTWVFxYmhNR0UyV2VNdGMwNE1XY0RxbG85SmV6SzRzRU1Fc00yTnVrNzJSU3JKV0JDeE1UNExBbVp2dkdRRzU2R2dwY1hBZW83MEhWdzVUdTIrWTlUZ0tQd0ZlWXBLWjZpNEZOWjZpdll6Sy9vZ2hRMDYwdHRYa2k4Rks3Vk1WYU45QWcwbnlEVjhKK3gwaUNtSWp4WXZoZ0tXdWFmUVlMYUpaVSt6VkgvdmNrbDMyMVZRRXdIUTgrdGU5cmVINyIsIm1hYyI6IjhkMGI1OGVhNzQ2ODUzZGNkNjAwMGZjZmZkZDc0MDMwOGE3MzUxNGM2NGEwM2Y1OTk2YmM1ZWI0OTNiMTAyNWMiLCJ0YWciOiIifQ==----eyJpdiI6Im9pelNaZStRTW5vVys3K1dGejEzRGc9PSIsInZhbHVlIjoiM0FMRlAwWUQxeHVnZ0hGL3QzUmpYaW1SZldPZ0VOVE1XZzFYbWZwZE1kK0ZPMGVhbEx5aWlnVjlQb1JKYlFkUmVLS0hEd1BRZWxEaXdRUlVPUzNGUFR4UURoQWpoeTUwWlBYM29NanUrZjdnRlFPdDhFN0RYT2J3aFlwQmg3TXdTbWpONmhwbWZYMGZJUlg2akFYQmVvNXREZTlTMWVjMWlZVGJBSGlvSjF4NE1lV3NxeitHVVcwcmdNUklUV1dEZ3V2R2pMNVpsMG1QQzJ5UXNzcWdWVDNmUVRzTWhDTmtQOXQ2UjdzOHZ4WlhJOHBPOEUxOTlhYzFTZ2JRSGlsZThGUnlBcDZkQkxLN0lmTnRMUHVZbEpRMEp5dnBjQW5SQ1F4Uk1VY0xvVHBydWJKMUE4NXIwZ1BoS05xczcxUTd1YjNZQnMxbjVQeXRBVk94VjNBU2VXc0NsSHF3TldPSjdPM3dwM3dJQS9BPSIsIm1hYyI6IjAzOTIwNjFkOTg2YTFiMmU0YWJjZGE5NGNlMWUxNDA5ZjE2Y2YxMmI3MjY0ZGYyMzFiMGY5Nzg3M2I5ODRmMjAiLCJ0YWciOiIifQ==----eyJpdiI6InByK3NyOThKcHljS2NpcTJkWnJpdVE9PSIsInZhbHVlIjoiUGlGcXRuOGQ4OExFN3RFVEUzblo3L25YaHhlSVJ1TVhHYVp3SDhsKyszaTdMNnBBRUhydXg2aTZraktsbUpKQlFrY3pIa3NTTW5vcmZScVNDVHlwL0orU2VpV1lrZ2NRYWU0YVRVc0k0U3BSY0xKaXRiQzlCVitLMUR0SW9lSDdpMnJjNGlGZ21PQ2ZaNUFqRUI5eW42Sk4vRWI1MkY2R0tpYjM1RjE0M2E1c1hTS3RWQTl5UEpIemtjQjI4emN3ZFdnYWVvd1pycXZHdGVVWmN1bTNBSEZSQ1ZMVE02MXdIWTlUY2NyR1hQNkFtMDdqSDhBVlI3RDZsUWcyM0ZHSWdMZ1Z4NFFVT0hqYjJkMkoxa3VlVVNWa2hzVjFqZ29sY0lBWWIwOG80RGlFM0JwRDIrUURqeTl4YUVHOTBpamdEcmJEbG4yOVpqd3ZvaDFueGI3VHRLTHNweW9jaVI0Y3dYOHVDOWJKMnFuYVFFd1BuRlhTcFJxYmpKbXpzaitFIiwibWFjIjoiMGNlMzZmMGJhOTFiYzVlMWJiYTM2OWZkMDViYmM4MWRkMGY3YTY5ZDIzZmIzNTQxMTY3MDczNzdjNjIzMzg3NSIsInRhZyI6IiJ9----eyJpdiI6IktoOFVrRjdMWG45OHdsSERQSjFmOHc9PSIsInZhbHVlIjoiNGZpbmdYeU82SzZXNkMzRytSWnFER0R5WUJJODZqUHhEOW1lM3RKVzBRRXgrcTRVYnVFUThidVgxN1hDcjlnMXYvUk9qK1R3MGdCUThDdkN4N0hld3NYZGxxN3hmZjUvVUZGUEFOS3gyT0dsQkIrbHN1RTNid213U0NHOVNLZlJiNC9YcG9OS0Vva2pYdUs4alA1MVdVZmtPVFE3ZXVNNzh5a3U2cDJqZEE1ZzFxRFNqNDkyVE85QVp1T0tXUFRFZUpsWUZ1clcvU0ZYWG90OUpjS1VjdE9iRUU1NjFsMnI2bmROaDA1RjJ2eEdET2YxdHZLbzgxcUU3M21LQjU5RTExRm9uRi9LcXlXelhxeU1CL1NpWXl3L2pZUS9rOTU0TlFiSFVEVEIxbXJsSTY0aUNHYTBIY0RqbUNZV1ZHUDRyMy9NMFMwZGhTcXllcnI3VHVKMzdoc09QY3dWVkM5TkJadlB1SmtWbmthcDdsTURTVTBWejlBUDFsWForRVppT1p1b0I4citjcFZrUzNpelVGY2VKV0lWOWpyUVFxYndQSnkya2tDeFlteXU4MU8wTE5QK0Z4SEN5ZUwraGVtUjBjcUtJUHB1WkRjU2RFdVRxZkpmSWY4OW92NGN5OUZrZU5adjVON3VLV3BZZXRZU0d4S3ZUUGpmUHhHZnRjVVZRUzUvZkVWR3c1b25lTVg4bk5od3RSNTBFTkRaeWZQNCtMUnh3bTVHL3BmdUxUUlkxcVVMZ0R0YjUvTFdoZC9JS1M1VjNEbHlxRWdkeGVhblBoc2V1elFYZGJ1VHFkTEtJNVV2NVNPWjlWQlNvMXQ0c001bkkyQldNOXZqQUhOSEROZDhCSEltblFVRDJrZUViTExWVFlyVTV3Y2I0U3Q5Z3lQZWM2L0gzTDErc0VvdVhNaGp6aU9UNEZvOXY5ejBKd1ZpTC9xUTIvRzduVzdzMi9pamM2cXdpb1pvVUxkYTZ2RklPbzRJbHlIYnRaZUdGQTRCNUFpVkJOcndORlZlbkhiVDZpWHYrSUlLNWN0Q3V2ZlBIRmYwNGc3SXhMb2JiejBLREFDUW1HZzhRREZEemgzczkrYTdPVytnVTFlQ0FJaGZEdkhIamZ4R3Zobkk0bVROTzlXMTFBZHNYZG1RR0dTVHFOczFnT09MWURpVExQdHVJZmI5TnE1VFFSNnpRZ3R6U0I3UHFZVnNNZEIvV0M0dmV2UUJaMTExSTkydVI2VS9OZmYvamtuQlBPL0twSlVISGR2R3o2Z3RCQy80V3dzTE9JMEZFRXJ2Wm1ZbGE1aVhybTNsdlFCTm83K0VmMkRsSlFBNzVtcW52dkg1b2ZVOVdJa0tJdU1RemtJK2hxNnppS1Z5Ri90bkxuZ0RsVFdIL1hscVlBa0xUNHRGSzNxU3RPRXhvNStOcUdHLzV1RGZ4Yk5TR2tnVGRDSlNLcTY1SG9Qb1hUWitYcUhDMGIyQ2w0dGg4MmJaTGFGd2NNVE9CUlJ0YkhjeTJLR2ptR2U1TFNXbE9xY2lmV1ZPdVgzYzdtUWtxVWdqVFpxanlOV3M1ZGduNnlIcWZydDVqVEpLUmt4cnFoTHl2T0ZZK0VlKzgwZGJMY2E4bitIdDJVRmR5K09VSWFEY1BBRlVxZWFpckI5aFh0YXpoS1RuMTVYTE5ERmc1Vk9Uejl5QTBadng1ZldncTBhSnlOa0NOdTFObCtiTVQ0bUhUd3VhOEJnOC9LRnFHVndiZWZZcVBsRjdqTFhmd2dWajZnSHg1TndxUWFXS1VTSi9mVXZTV3FyT1ROQUNOaytjd01nMU4zVGZBTjN3S0YySGtpME1xK2NQcVg1N2VtSzNpWnk2a1VZdU93L242a0JZSUpKdDcxaVlycm03OE1OdWNnQ2VPSm44LytCUVNSS1JMNWljc1ZmTzBlR1RSUXVuSVZidDI1ZnhHeC9DQnAwaHBOVWFkNEtMTXFBTWovOThUaUQyZURwV0FhMjVuek5LaktmcGhuMFhrNk9FYU5HMk16TDdsVVRLTUJLa3FIV05xODA4Vno5aFZ3UXU2a3NVYU5XR2lYUjE4aFlzTnYrMzBuT3Ryb3EyWTVzUnRpRnFrZE5oL3YweUt0TWpRbGM3VnUrbDdvaFFja3dSSERwNWJPM0FTV3NpWk5vNWttQzNZUmZxRkRyQkhrS2M2bXhaL0VRekFaSGwvdDUzM1pIRGhFK0wyK09UMkVHeEM2OFV0NkZzbTBCclcwMHBMVFVuTElvU2dTcFovSXorMTBnL1RBaUhZRG1CREwxS2xicnUzM2ovaE9yemNZTmNXVnhpR0ZkYmNFVkdZWWN3VHlYcXlkRDEwV25IbkV0L1J6Q3E3L0ZLcm10ZnlWOERlL3pDVjYxMVphd1BxWlZ6TDBoNXhRREN6MnpZS3h2dU5lUktlNDIzbXZzL2ExTzJRRldkc09sZUZiY1V6S05XNnUrMGhHNFgiLCJtYWMiOiI2Y2M1MzQwOTc0ZTM4MGRhMzY0YzcxNjFiMWVkNzEwYTMzNTZhZTk0YzQzMmU4NWQ5ZGMzY2UzMTJlNDBhODdlIiwidGFnIjoiIn0=----eyJpdiI6IkJHRTlpZStjemExWXZFWlBQSnMzVUE9PSIsInZhbHVlIjoiL1hNM3o2UWlhYW9KN253cG1pUTdPU2FaZkF2UHJLMUlCSEIxcTJ5dVd4ZEJQemRCQVZ6ekovSWVpemJWd0Z5TVcweWNVU3VCSnJSWjlLWndaaEZsbGRIUDlYSzRhYS9scWxDUVZ5R0ZXaFJqcnl4d2hjbDNkaWN1eU05Zlk0a2U0dGhwM1h0SlNEYzJ1VTBHSEM1RHBrUFRVWXhCRUoya2FEZTkwblh2eUp0UVRpUXQveFNheC9UWUxycCtreTdsN0dSZ3dETG4yTFVVVUh5S0NKWVc3MXBlTTZ6dzlFYUdWNE8yUm9TQlZXOGkxdmhqVm0xVUhOWm9nSm9ydTZWZ3cxTll6cUQ4dFVZazBVUktjbHZ2KzcveUdhUGErdEViK0dYU2hUSHUyS3dpNlE0TU9meTQ5TFpQTnNEbXlwMS8iLCJtYWMiOiI4ZDk2ZGEyNzM1YTk3YjRhZDU5Mjg3YWZkYTA3NWZkODc3Mzc4ZjBhZmNlM2JjYzhlNWVmMDQ4N2VkYmI1N2M5IiwidGFnIjoiIn0=', 'property_name,state,city,locality,land_zone,near_by_business', 'eyJpdiI6InhCMC9USzJuSFIyKzBROFFyRlFYbUE9PSIsInZhbHVlIjoiYW1YN1JzbnQwUDdVMUxKdVE4by9xWnBZZzBHZms3MFVsRzd1UTI5VXhlM2pRMzNmaWJudVY2S3d3dXpxaVd4ZDRmMCtBVEMzL0dJOHVWRkc3YVhzYis2MjFiSWllZjE1QW5rV3RIdmxJQU9XUHlsYm1nSnpDMVk4SzlwYzR5SGlXL2U2aDhsR25xV0tPMUlJUDlqWUtlM05oSjVNR0xtVWNjM2hXTVU0V2Y4VjZkWEk3SzFJN012cnZsMWU2Uk51ZVVLanZKY29yNTJDSTFUZS9KY2d4dkhYeTU2WFRTZkZZM3RHTkh0bS9WNFFxcnVqa3hHakZoVWpKUGllNWhkcVVYbzI3U1NyNXJueXhxd1ZMNkRXdzYxL083RTFHQWc5UCt4USs4dzlTcmg0Z0RXcWJOOXUyYmVJd1hvN0FWSGd4U1VVOUM4THQvbXFSSHM2VVdQZ3VkV0xRenQzWWQ4ZUhtcy9JOHhDWURKWWI0TlFFbDVHZ3UvWU1FNDF4eG9wNkJjUGlYTDlScU5MTG8wbkJGRWtOelRFV1A0dFdwWUJmNm1UTmU1R2g2ckdXYm1Pc0JkbkZrZGx1ZDk3bm5PdG9qWENRbDQvRWJaVWgwcDNvblVGekxoZGRNM1VBT1VMRzhEQnNZbUxsYk1wMFpQZW9Dekg5K2p3U094UVk0UUozc0docWR4S01EZlhBOHdmdkY1bGllNTdCQkFQRDMwYlJYOWdMYldQOXlUWnpnL0xqUHJUMXYvbEZQNVZ6Y3dnaWdXOFEyS3d4anRQMitPN2xhYWF4RDBiZ3BwT0RneEZtelcxaVk2WFRMOD0iLCJtYWMiOiJjNzk2MjBlNWUyNDU3NmY2OWZlODYwYmFkZTU0ZDcyMjkwNmVlYTk0Nzk3NjBjMjhhMzIwYzUzNGQ4YzRlNzFhIiwidGFnIjoiIn0=----eyJpdiI6IlBqaHJZdE9ja2xrdkJMWEZSZ1dITHc9PSIsInZhbHVlIjoieFJHWkQ0TTY0cGtxM1FzWFptZ0huUGJIRGFiTTRJcGdaMU96dzZuU0dIMDM1UVBVcjNrUDRnRlpvVTJUNkpwck5rV0d6Vm53L1c3S2VOU0pKbHFib0RybzVOamFUbjZDVnhpV1VjdTRtam1VV2NiTkJoTGJZN0FPWi9WMmRFclpSQzdlTG1FVWFCWGU3OThsTVl1UmpaeWFhN2NVRWNFRWlnUmlmY3BzZEdKQU9sdUplbHVXOEI2UGNHcllJMXFCM2E5OHY2ZkxvaTRFOWZnQ0hVTVlrb2x4dHFEL2o5MTIreDVNRTBuSzIvOG1saVhMRVRqbHp5NS9jaEpReitCMTFSQU9hTVBWVWRJRmZlOVRvN3gyYitTekhDYmdMbW11Z0xjUkdZazZacWNkak80ZUdINVhvakZWcGs0d3ZBZ2dpWi9yRHRMbUhEeVZ5OE9DbDcxV2VCMnJJeHJqZUJMVXdkYlQ5SjN1T0NZZ3hjekZ5MS9xdU41VTFOTE96U0JOMVVLREszbUZQYmN0NWxEbndtYk96cUtYM21HNGxyQzlHcDN3Sjh3K3NFcHFUQXJVUUJUTEowMi9tRDNqcmZpT1dxWUc2V1Jqai9MenJVeHBOSVRHc1R2WXcvMFMzS0lvUnJaWGpEQW9IVnVDSEhqU1AxcXVNMWt1N1pCQW5rMnErM0NOOG04WVJyTTZQL1NCYlJmOTAyMmx4WTFSRDhMZGQyU2orMW4zd2NBMjFyZHNIOGhtQUI0QlBMZGNFaEdaWDVVU21hQWttMkQ1UG9rbTdKeGRYckY3WHpnYXVZeTBtYi9VRlFDSXlMWlB1dDBpdGF0dXlSVlY2Wmc1MGRsLyIsIm1hYyI6ImZiMmRkNWU1NDI2MmM3YzFiMzFjN2Q4ZTYyNzJiNzFmYjA4YWI5NzQ1NWJhMGExNWUwMTAyZmJlMzM3NmMyMDEiLCJ0YWciOiIifQ==----eyJpdiI6IlhKNnhrYTBMSDZScmRzTTBySExNb3c9PSIsInZhbHVlIjoiNVFZaG1nRVMxZWYxdE4vYUg1MTRaUmV1TWQwbkg5UXlOa0lrT2dsTXQ0Y1N5ZVJRWmJSTUhrdVd0djRrdEMxaDFpQnByanIweWRDK3luSDhTaGRyMDlDZkljenNzK01NK2NOUnBBUlF4RDdiOVlOSVZDcnkvK2xpUndibXIvWVF5VlJYSWdGRUV5MGtMbjVSVTg5bUR3d1hXZVI0WTlFSUlCUk9xMW1FMjNlUWIxMXoyMGlGT0Rpa1VkV0hyWEhNMUMycGRBNXA0WGJFSTY1dHA2U1dlWkRaVG1qNHV3Z3R4cHpkMFJGUVptaTYxbzN0WllhaXRORzkxZFRoRUJlSks5NXFWaThuWXp1QWMwQ21Cd3pPV0JmdUJvSkJCRTR4RGV5Wnc1VG91NVJWNm9ZNWs4anRsbThjZS80SzJSMHFLVFc3aUlQUXJ4S3BZcnUrWUwvRDExNlpxKzVHemJJNk90QlorN1ZzYWM0bHpsZWp6amFmV2k5VEp4T01JdmlrbUVnaDZwM0M3T2RnR0RrdFMwMmRJU1A4WEEwTWpLRngyRFRkdGxoRTZlUWFnSFk0QXZvb0FVMlN3aWVlOHlLd25FdTVoeWlQSEdmaElxTjRUV0tNM0lIN2I2NnRxQjV4Nm9acUZLb3VmNWtOU0EvM1E2NEpxK3REQVFnbTZsY0crbVVCZ2hETFBjQWRzQVpwaEc5ZWJXRThlZTZuVDhDRW9BUHIzTStrVTZPdFd2MHg3eXliOWs2aG1tblE1ODI1SGdJSlFJYysyZTc2Z1p2ZllnVHJQei9Mc01WL1gzbWd1MVJOVkQ5OFdTQT0iLCJtYWMiOiIyZGI5MTczYzJhZjg5ZjUyM2M3NzVlMDRlZGU4OTI1MTcyZDQ4NjhiYjY2MzZkZjQ2Mjc3ZjA5ZGUwY2JiZmE4IiwidGFnIjoiIn0=', 'garden,wi_fi_internet,pool', 'eyJpdiI6IlRxUVdheWRGUTBvN3Z0U3FhcDVlL3c9PSIsInZhbHVlIjoiWTRXSnNXQnpJRG4rNmdrVnpJZElpYkRhbml2R2VUa3lXOGN4OTIwaDR1bTg2Q1B5dS90UjRhblhCUGRYMTdtTkd2TVU0cjdSOFgzTVY2Z1lqRVhXSHkzKyswZms4Y0hKOW42Q3RGSEdIWmFWMEM4R0FWUU0rZEZOTGtwdmM4dHgyWVJadi9TUnBYWXVnTWE1UHVZT1lQb0lzTWRML0tmWmo4WTdWR1N5Skl6eVcvdkZBZ2FpVjM4dGlSQ0dScnRoVkJvdjRQeGhLeGthZEpUUDVCQnJ5TmNMR25Bd1pnTFlsMzlsOUc0cVVYRWdlSU9LZW1EMUl2aDNMYThzMVJBd3p1Q3dDRk9QTW5IejhUcVV5dEhpWStMeWlvVFlhK0NINkFYM2RrdmE4SkF3VHY5QldUTVpRR01NL2hwdis4TDJYcHJUcC9OdFBRSnI5SUdwT3p1eTNYQmtONnZQR3pwN3UzaXJKaUk5TnhsSEZ0NE00NEhUbGVXU09TbEUvM2tKRklWOFVQWWVnMUI3VkRQN0pweWJGd3h5S1drbGc0T0hGVG9USmxDNkpkM0crMTN0aHd4TUZlVzJWSkpWVGR4UnJSK3ZueHVaTmsrUkRMd2owbG5XcUxzWFJLL1c0VktFckxDV2xjUk1PRnBvOXRZa29BelVNNG9zYmhTaTRndWhDMWtLcnUzUEhhMkI0TkZNM1JYSXNRQkFXVmVaWnBab2VISEdRNksxVHFDcXhlMG93aE5leVBVZGwzRnBKV1NwN3FER1lLbDJJR0hPTzRrVGtYYSsvWkc0THpXR2NJcUo0Q3kxY285UHFWZkFZNUN0ekJKenpqSnNBczJSbTdVdSIsIm1hYyI6ImYwZTVkMTAyZjZhYmRjMTBkMDkzYjcwNWIzNzZkZjc4YTNhNjVlZjZjZjU5MWI1NmJkZGQ1NTIzYjM0MmFhYjciLCJ0YWciOiIifQ==----eyJpdiI6IjRSYXZ4TVJ5MzdtSlJ4RFdLQnFjSGc9PSIsInZhbHVlIjoiT3JvckdnSlZzNzhzREN1aWgxbElPWG5FZ3UvQ3dDTUExZ1J1SUtKamhyTk5sRGlGODc0cUlPRURpSGFnb3pEbFBVbmMxUkUrR1cwaUN1UStTS3VjUzFNUmxoTWN4T1FiRzIwdnpLV1hWZ0w1alpPdzk3SGR3ZTlXMkdBRWdsQTNNa255bkFtYzNIWUJvRnJWb1ZmSWJIYk1OWTJReGxiT1NHcnpXMHBacDh6bk10bUxYbzdmNUtIbm1qMGk1SlpjTTJ5dW5tSzZNMmhXa1V4VThzYXc3V1A5dHFpYVVBSXgzeCtTTkt5ekRKcFpxakI5eC9OdG9ucHRmVmN6MHhNUldPcThFdUI3NGc5UzZyTUJscDZYb2NmaVUxbVJCSVhnUk5qaVBFMi9YWXE3cmFFcHZHRzFRWnRZS2owK2JYWEpqaFA1d0lGQWtlaHBtY0FwMXRZdlVPcmp6ME5kSVZYZjM1emxuT2NhKzM3UFo2ZlJ5b0NZTWw3MkhMNG90WFRBSUdDUmpWUXNUYlF0emlCZUJtNXBubnU5ZXYyNHYzQWMxRjZkdktKRzNQakVaczFkUW1hR0VPbmFMR3hja3d5MXNmc0J5ejJ0QVJYT3BtdmFCcFp3MFBxbVQvZUtxbk05TEcwUXFwY0FXTmZqZjhkbVE5ZHZGQTRyb2RWcHdpaXI5YXdvanBYVVFkQlM4R3cvMHBjdFlRdWhHazNOYnByajZoZ05Ub29ha3pyc04vZUlLZ2tMODJ0R0l3QzVlaW9ON2pLcFVOSXFiWUUxTGlqQ3ZESlBtY1Q3ZVgrTUQwSTFGQjJqWHZLY3RVTT0iLCJtYWMiOiJmMTIxMWY1MjJlMWIxMDBjYTM1ZTRkNWI2MmRlODdiYzI2Njk0MDdlOTkxODY2ZjQ5MjA4OTcyYzZlYTE0M2ZkIiwidGFnIjoiIn0=----eyJpdiI6IjZ0aTZwdkVoUVdZOHNSOFRzYnF0cEE9PSIsInZhbHVlIjoibllHcnRlM3g5c09TcTBjRG0vMys2OFVRTTI4NWNvWktic1I5NGpqcXZDdFIwandWVjFDTkluSTFBYmVLejZXWmJ3QnVuLzB3ejhjdUZpOThDcDB6aUh2dW53bk1UOXQwcWI2Y2xKYTU3US9sT2RiS1pBbHJHcllFWGU4QXlDWllOdzJJY01ZcUxrL3FxU3BDMnB4SmgrMUU4ZTl1MTZ1R0NVcU90cDBSVmhNYlJxTjlwMVZtVU80Q3dCcnNzOURBN0xqTTcveE16elIyU3V1b1k5YkN6aTB2TXcrNEpVQkhIWmc3bFFpK1NndkNwYzBPMnB1SEJuc0lrbEJOVzFxNGRLVVdnVW8rMDV3WjhwZ3BzLzVEK2ZpUnFjTXprekZsUXZRNVI1REVvUGxDRStpQmtIWVlNNTFvS3dxeTZQc0JBUnJVR1EwQzRqdTY0a0NPeGRVWG9IbkhnVU5idnpFTVZsaExPMFhFWVBQWlN0dFp5ZEU3Q1QyYW9TNE5ZaC9zVER4OUZBakdQOUhWTXErRXBvZG8vOGljRWovaXFPV29wa2crdmxxbkswQi80Y284L2VvTzMybGEyNCtxVWcrUUJMRE45OGJMOEEvb2d5T1NZVzA1NjJrbXdMM2ZnS1J2OEY4SDZoNmpTOWdha0d3R1orU3BDU3hwL1ZGd0taSERNeUFEUzU0Y0U1VWhmaldkNGJrK1cyT1NtNVAzMGt6U2t5YWpuUFJpL3NSZ1RGMUJNamZ3eHZ5Mi9tM01jYUNNR1dlcUlXV2o2VDA0WWVNV3NpQnpYTVpaQndaYVVoT3lSSnhkTWhENUhqVT0iLCJtYWMiOiJlNzBiMTk2MDI2MDdmYjU2MTcyYTgwZmY5MWUzMWQ3NjQ3YzkzYjlkNWVjNzk1Zjk4ZTcwNDllNjc5ZWQ0MzBlIiwidGFnIjoiIn0=----eyJpdiI6IlNtTFVPNjE0bW0zTndaQ2RPMEpITWc9PSIsInZhbHVlIjoiYldqMFJWVVZKU0xpbHh3UzBSRjRjS291Skp4cVpsRWgrcXhFaXJOaHZCdU0wa3lLdzJSNlNoWnc3VUhxU1FHTENySHVsQTNnUG0rdVZ0TGJnc0FFQStPeHJLVmk3TUhtYnd5d1huUmNVNnNWbTV5SlNKMVdjbjFsWXR4aEU5ay9lRkhIaHB5OUxKVkpVOTlTVjJJZnVyeko1MHllck8wcWQrQ29EeGI5UThSMUlidTNySCsvNDJQSHRXWU95dWFBNklNTlZzQU0xMklVTmIwQlg2bEtobDFYVEF4bVgxVzd2NVBGS2RIN2FVVnJRUVBlMGl3YjJLUHNQWnI4bTN4QlVRUUZOUE5rdFM0ZzRXNG5TOStOUmFjalltMUpUNHZvTDZrWHlkYm16dDMwdEE5UElpTlh5dGpzQTJMU21WOEFMaW9iT3hRT0NzU2ZLd0NOeFBFQnUzUGxaeE1LVExMbGdJRlVqOU1DaU4wMjFlSmZTVlBIL21qbWtMR3BnU1NKMFNVTGZXWFVXVG1HUVZmNGlWRXpDY3Bab0g1MDk5NzZEakhzU1A0ckZ4eGFYcU02SHBlWDBndlV3dUJBUHBrYlUwT2lTRWRKRUZ0YW53UFlqK2x0L09YUkNKbVZmdWRmU09JY2g5bW9qdHh0eVN6bWlUdXNVdVpvR3RpRGxxUWRNeElyUU1WU1JDaHNiRHQvWFpkdnUyQ253WUE5eGdhT1UwVXJjaGNkQjBnN3Y0eXJRckVSTHJ5NnVrR0FkSU5wcGpOa0hGLzgwZy9MMy9ZYnI4UEo5WDYxcXQveWlFNVRQTkdvTjhKTS9yT2NUbUZvVEZCeGRHc29mZXBLalo3NyIsIm1hYyI6ImQzYzI5YTM4N2M5MTY3ZjYyM2VlMDZjNmEwNGMyNzk4NmQwOTJlZjM2MGEyM2RmZDJhYTBlNjgyN2EwZGNiMmYiLCJ0YWciOiIifQ==', 'neighborhood,roads,safety,cleanliness', 'eyJpdiI6ImtQVkt5eHRFTUxlczJBK1RKK2xXSEE9PSIsInZhbHVlIjoiT0VYYU0yN0JkaG96dVY5M3hac0xoVjhvd1V6MW1yR2dlUjZKZDhYWm11cnJsZWZocWZmUzdTOE1lZndnUVJ2RitZZ0J3QWpoSmlKdm1XZmFHK0JVS3oxUU5HRkJ5cHZ6aVFkUm1RY0ZJQlJBaGhHTllBTU1XaGMvYWRkR1BWZm01Kzl0QU9rYnhCK2RlVk16OGNleE1NM0lxcFMyQlYrRVc1a2FJeFZkV2wycERnZHZrSzYveEpYRXBmVUpELzJSZ3FDWlZ0QW4wcVM3WmkrNitEdzIxeHVYV05iRjd1K0FmUGE2WnEvSkpUS0F0SFJWUHJ3ZjJDdjYwTzVGSjNWdWRtVVJYR2ZBT3J3NEFCTmxuMEhlTEM2NXQyZTAvSkdTSnp2aGZ0cUVWYlZMbnBQTWV2Q3pRSFF5WUtaM29pQW5RMXNMWXM5MStzaW12TE03V0F3WmxSN1VVaTVjT1lyZ2I2UUk5Z29Zb29sU1RWZGM3dHNPZXR5RUhqUCtJemM1T0NJaXFhWkQ0ck5YZVRsUDRPdkx5MnJwVjZBOGdOUHM3ZnVac3N3Mk5zdkNZR09ZbUdWZGFBaFNXZkdxOWl6a2pDSkVmUVp5aXFsVThrWXZKd2lGMG1UWHVSUWZqQXdoTHNtL01LemozaHlMQWEvMjVtdlNLSTRtcFZNaW12aFVuYzhwNmJ0S0NscE5GVHd2YnRRY3FGZEtDQk9rQUZ5K0N0bjRsbDlSK2diTHJmVFpJdElRcHVtUEZISWxuc3RKT1hLaTlmd2dRQ0JDUktIV1E1Nm5HZ2x1YU9nejZVQk85RHoxMWpUN3BCRUVHYVJjQk05YUpaUWdDc2xMQ1dldE9yN3hSVlBPYW5TckRPTitqU2txaGc9PSIsIm1hYyI6ImZkODgwOWIxMzkzZWM1M2U4YjMyNDM4NDVjN2RmMzFlZWM1YjdjMjIwYjY2NjlkNTdiNDc0YjBlMjc3NTBlNmUiLCJ0YWciOiIifQ==----eyJpdiI6IisxRnI5WURma2o5bHp2bHl4K1Q1eWc9PSIsInZhbHVlIjoiT2thQmtqeGNjbFpwRFB3YkNyR0YxTVBZdjl5V3NGVmhrb1p2amZvUC9pVWpCMU5ORWpCcE5nNzBvdFZ5UmNHY2dBRWRoT3FhT2xUcGRzeHdnL00ycUVFYzZZWWF2QWZ5SWU1aWdDaDQwZFpVNSszM2FtWFIyN0Erc3BpeElBYUJNSXh3UXBjajdSaTZROU84cEVnSXVZQk5NdUVRWW9tdm9icllxOExLMWtoaHdtUlIwMnRUQjF4NFJReWtZZzNzNThqMFRTQU1nRFNhUXJrNEIvTkdHeEFVZXN5RWx2WWRsemk0ZmR4VUptTStWams5VWJ6OHcvREUyWlQ3eVlVMUFIVVNTQTZQeGdiYnBZL2lvMmlnd2FFTmdwWDRlYktodDExSklKWlgvS1R1dlgyVXBZYTFyWWY2MmRBVlRSMzlsTUhNYjhYdkpGRE1nYmN3U01id1hZN2IrOFdRR1A4VGJBU2JuazRYektqMkRhY1N1enJBWW96eE1WczZSSDU1ZGtpQS9MZlNjZkNDL1N4bWg3eCszTE9mUitISGFyMkZwcTVhelhKZXNyL3dNNk1la1pPcmdyQVdmNzZCUzJaWkJxdnZHV05xMlROUlcycW9VTHF5WVVOT3hmWG01QkRPOERUQnh6a0NDMXovOVF2RmlXbzdhcFVOcDNhUEVsSzRFOWJWUUkySWJMTnVlcnVwRzIyeE1GR3UzN2g5UU15T2wvWUljcU15bUl1TW00czJsR05NbkFNcUVjV2hoeEdjY2FMdzRDT3ppbVpQUHdtNTFvdHBJZ29nN2swUFFSVmY3SmFhUGUyMy9sbFkxbC8rSldtcGI4ZnZTZEhiL3IvcSIsIm1hYyI6IjA5OWU2ZjA1MWRjMDRiOTE1ZmIxYTQ1OGYyMzYxODBmMzdmZDIyMTE0OTBiMTk0MDk2YzZlNjYxMzI3MzM1ZmMiLCJ0YWciOiIifQ==----eyJpdiI6IlhmUG1sakczM3FOTWhsWVJlTzN4Y0E9PSIsInZhbHVlIjoidXRnY2VkVHAwcWhvcUFzQm8rc1ZGSUk5Y3JvdU1sRnp1bk1yS3EvUkpoaEpnZjNIUm9IZktTMEVXUDZuN0QxR21oUGR3WWYza3I2TE5MVTMzcU5TYURVVktEUDhZYmlQMDkrR1h3UXFXRnRDTEU5ZThTRGc2aTEveVZ3TzVyNWdJNlJtdi9JVXM5cjlENzA0VnNrczFmSFpkQURBaEEyZVZuaWpFdkVENG1KMG03VWVUeFJ1TFk0TjZob3VlWkdxZG9NM3Blakh1TCtLWHB0QjhhRUhESEZMaGdZS1VLRFNyZnpub3dNc3RMNGNzM1NGclZaSkV5bTBOeDIvUWVPK0RzMUdzdEVWN3Rjd1VHOCtmU0NxK2Vsb3VHQ3RtK2ZvMVBxUGs4T3NRdHdWUkNxa3hZWUtPL3hRYWV4MThweDFyejVQeTF4UEtMQXF3eSt3cjNNdTdTTWtNbzJUZGRDYXN3QVpkcHJvSkx6RzVZTmJSZS9jcEVhcGZQc3JuOEx4Zkl6UU1iOCtmcEc2aERnOVpGaG82Y0xoRUI5ajhKZUpDWjhWU05kc2hhTGRTa3VuRFlhVmZzdFFGMS9zQWwyakFIQjlsc1hPcVhQcUU5Z3o3aHJjc0c1M0Q0RFcwVTNCYTErbHFuem1DUWhKaEUvMmo0c3c5YXQ0cjlXUk9lMk1pd2dmbW0rblNDSDB3YVZXaGtNdlA0RmkrU0FkSHdQaHUrVHZQbFFCaTU3WGo5VTcrZFJ6V1VDWTY5MXlZdnFpS0RLbGJhTkhaeTJZZGNhNnJUeGR5SHNpaHlSNktMclJpckJoYjNXY0ZqTFF5UkhPSXlSaWNlbXBVUHZGaGkwRSIsIm1hYyI6ImQzOWUwODBkMGRhNmQ0YjgxNzI0ODFlYjEzYjk1OGRkNzc1ODRmZjM3YWI5Y2UwYWFkNzc2M2QxMDgwOGNhYjIiLCJ0YWciOiIifQ==----eyJpdiI6IjdIakxaNFhnaVp4UCtiV2psNEtlMEE9PSIsInZhbHVlIjoiMlJFTkppWFdCMEl0cU5wSmxkaTRZRUl5UzhHNHlhMFkwdW4yMjNZVUw0ZlppVkRlNXdwVWQ5bXNtdU45RHBUaTR0ODZBbXFabXBudUl0TzZaTFpRbFhMY0FEU3ArYUhlOHZvbGJjMm1sSG0xRVlKOWdjZUVQZWFzK1RKV3ZybWN4dzEwdTBKQWhUZGRuWC9RY1lldDZVNC9RNFVOWGFjUi9oRk5RbVVEU0dPa01yYm9VK3lDdzdRdUc4NUNDVm1xaEI4aUNhN0NqZlVmWjVOOExvblh6N3JYeHkvTjlzREdWQmIwNEQxWHR5aE82VHJ3SmlOOHVpRjJhc25hZVV5NXMxeXJuNWRQRDZXY0RKanF6eTkwVVorTUxzaHh5ZzlMbXdFQzZFRUVxeHdqRytCTDdrbjI0cDZXblBObGVTMStuRElSbTRZUzZvZjh6Y3NYRmdvbWltLzNrc2htdm9mUHNUM1V3NER4YjU3WjFNb2JwMXFJdkgyTFNJcGVQU1pBamUwQms2Snp2WTk3anRtWCt5c2NQVWVXMjdvWmM2TmhqTStpRldDRlhoVDUxdThCUXdvWVdqZzcxNkFTUHpTOVFXemFrOEpwTllFanBzbklCQ0hqZkdsQlJNZFJZV2ErYVR1VEtoMllrQi9xN1U1SkN2aFF5WEtTT1ZMUnF1NmZITkFjUWlBdm1CQ2ZpdVA1Vnovc2xLa1NDMkt2d0M0N3pMNEg4ckVocktWSUlXWkFCaVp6T2x1YU9QQTJTd29keVVxTEJqeVpNcHJURk9jVjZ0L2plUDY3cEQ4bVYxWXB3eXA3eHd1V0UrVkNIcVlRRXhZay83cFdSVmpIeHRGRSIsIm1hYyI6ImJmNGE0ZDFhNjFkNzY2OTMzNjlhOGNhNWRkYTczOTA5ZTJmYWM4YTcyNDQ0YjQ3YjFmYjdiODI2OTJiYmM5YjIiLCJ0YWciOiIifQ==', 'public_transport,parking,connectivity,traffic', 'eyJpdiI6IjQxNXp6c2IyQ2RBT0VzUUFXT0o1bVE9PSIsInZhbHVlIjoiblBCcFRHQ2pXVk1qSEw2M1BjaDV2OHdqdjg2d2pnZGVTYVE0c1BoVmNqMFJ3czRFT0lWS0E0andwR0RLN0ZKVzF3Q002eVhFT3BOUXQrYWVTZEF4cXpScEhhZkVrQmRKMmFiT0srM1ZiM1VQTmNJSXZYMkFGMHJxNkZUTnFOcjdyOHRSYWhDUnBHb2c4ZXhlN3RNWGZudWNqSjFJRUN0KzRMR1dNUWNRMnlsRzNheU81ZStYTXNWZElYNnQ1VkNFVmpQWGpvU2RWck11TzNkMDVpeDdNOURmYmpaWlhmb2JYTzg1WHVSa0xEQWxoU0JmVXF6cThIb1Yzc0dRT3ozOW1VbzVLMXlwWURJaWFlNkF3ZDdVb2hoUlpHUlQ2V1UyWnA1V2FoZ2owMmdxWFRhNGx0dlNyendLRTlPcCtNd0pPVVo5Y0FiUXVzZWdWRXVyR0d3d1Z1VDdyUUJBWUpPcnhmUVh0azRGZUNmTnJrSytNZ2dFSGMrVEFLUWs4N29KMzVRNjQrdURYVDE4SFE4ZERqS3NSZy9GTnI5cURuTG9sY285TXl6M0NPemZMWENKMXhYanZjZGpLL2JLc0RqMkRPK2hZOTNkKytxbnNzTFI0czZMZ0t5dEZ4RXlxNzN5dGtsMklVRXdRemhsTzJJYitwOGplNlFEdG8zbndxT0czZ0Z0cFVBRFVzaFlyZnFOWFNNNmRnbWcveERJKzZSTUdFTDE3bzNUQjBNL2d2eHhxdXQ2YldhUk11MlA4T3o4TURxc2FCcmdFamswRXQ2RmIrYzAvVXl2ZDdmUnlwTDRlUEpzZVVpUm9CYmJ5U3ZOa1ljLzFIMGFRVHFYUm1IayIsIm1hYyI6IjVkNGZkYzgyZDM4YmQ0OTg5MjM1YjhjZmFjOGZiMzRmNGVhM2E0ODkwYzhlZDEzODQwNWQxMGUyNzBhZWRiZDYiLCJ0YWciOiIifQ==----eyJpdiI6Im54WkRqS0EvNTV3SDVtNU5hNWFIZkE9PSIsInZhbHVlIjoiVEtjVWc3Z0tZU0JHNk93U2JaWkVnZWJESDk5YnRKV0RTL3YyREZMVllLZzd1MXpqOXE5YUFhbXFCdGs4ZmIrandRblBTdWlDREZ0enV5U0YvVHlWd21uMWVoY0FJRFl4Tkl5ekxSQmMyUmJJSktweWdCb21TVTJWWFk0eFR1K2VydFpOdXB1R1h4RFZvdE0weEhjang0WHA2aUY5WDZiT3lMYXB1MW1OYmpqMzd2TThvbGFUVGVGMS92czB3RVV3T3VYRFFWVjlTNHhMUEZnaUFoT2dZYjhmRUtFMVJscHFjS3JNNWZFTjFRUkdUS0F0a1p5dS90MERmSEVCY0xSY2J6MnJ5MTFUcm5aOE5mYmtuVlp5TXptMzA5ZlJHd0IwMmE5WUovaUZiRm9vQmZDTjJkSWRhSHdDR2dQSjZIcHU0cnBlV2NhZFJ2czh3eHg0Qi9MbFMzOUx1UnVlMk9NTGt5bElMYjFzNW5PaFhaMGUxaGtnbisrSTJqa3E3c0o1VHg4dElJZnEzYXlUTE93eDdEZThVbTMwOHBnNFoydmZ5Z0pZQUF5MGNVdVJPQTVSNGhGTW5MYWNtM053MTMxN3MwVlZqQVJLRHVLeHd4clREZEYyaDMvZzNqeWs4bjhTNUV5OE1rK0k2VTRFQlpEeHNGcDVlWTVUS01yelYrZUo5WG9RMHBPbDVaeDJMS1NTOGhuSEdmczRMVll1VFFZMEFTOUNneDROZmZ4ZUNwWGRHYUhLNmxKUGprSzF6amMzZWpQTnVCTC9CUGRyM1JkbXZaMWMyTUlkdFJlOUViaXoxdm5IbjVLNVJnSjkzWXpjTE8rN1p2R2xibFg3NjEwLyIsIm1hYyI6IjM2NTUxMjAyMzQxNWZkN2Q1YmM0NzFiYmY1YTY4Zjk3YmQ2ODdiM2I0Y2VkMDZiYjI3ZmQ2YjM0NjY3NTdiOTMiLCJ0YWciOiIifQ==----eyJpdiI6ImJDZ01nZjFXVENDbEQ5eDUwbWRad3c9PSIsInZhbHVlIjoidmdNQjdKWFNqYUVldmxXY1J2aGphYmxVd3hMZWl3NU5ncnBJbDZjSnlSVlFwQy8yZ3pGWjVUbFR2b0FVZ1lEblRZamFYVllHNUdHTHpac2o5a0l0TFhyeTlHTnNxYnlCemdQaUh3amNaR3RhdGExMEtreVpvY2VjaGVRL3BMQWNVeG5LeTJvSkw0OXQxa2xWZ1NSdDdCSEwyWkliVm05MExaQmIrWkkxUmhMZ3p0MFFkUG1RSTAycm5xa3ozazFxT3V2OGNTR2swVmdHUGRUNDRNS01lLzlrZnIyUDlxOTlCei9hM0lIMkp0d3QraFJmSHl6VHI5V2V0VWJDU0dTYzBnOURLRFQrNVpaUWhacHpyZWN3aVRxSndpM1QzZnkyNS9qZmZzWFp0OE9SWmZOdlZDVjBqR3hyRGJNZ0NXcm1qVHB4dmk0VlhuL1hLbC9Nc0xtWDhOa01xNzJSZVRXUmF4RFVvWE1NdE5BYnFGT211L2RJa3dWSFN6OHlRb1BqWmhVUUwrNmxyQ0tQOURaaWFibzZWL2FsZEgvdDJueG5CUjZ2cFFMOVJ6NHZaSWM1UXpBbXE2YmhLd1Q5dk9ranFoMHVqNEJBb3dFV1oyb0pIdTlMdWhHZ3J6U0NadVZUQU9samFlRlhGSTAzZm5EZ3JyY1d0UzZ0WXBza2JJM1RBTStnbnBvalBQaHg4ODNnL1pPbDU5VEU5NzlNU3pNbWxsWHg0Nk41b2xNL2ZTNFlVNjdRWHdhaExUVnhJd1ZsbVI2MG5HV2ZhenZjYy81SXNpd0RacmJlYUJJQzJzOFpyZFVpMlBXYjg5bHRGVXM0Wkx0MWRDY1lIM2xsVitHSyIsIm1hYyI6IjFjNmYyZjM5ZmEyN2JiMGY1ZGY3NzI3YjA1ZjU2NDA2MTg3MjMyOTU2MjM5MmMyYTJiYTU1NTVjMjEyM2ZlMGQiLCJ0YWciOiIifQ==', 'school,restaurant,hospital', NULL, NULL, 'eyJpdiI6InZrNlZvMUw5Q1RxWVo3eXNPbERsdmc9PSIsInZhbHVlIjoiM0xIS0pabHVBWitRVmJmNWdlMkEvbFlFM3NmZ3hIbitkZ244S1J6SUxrT2JXeGJCRnNBakNzditpVldGdEptSDhFRGJkREpDbjgrR3ZwZ05qaG5HR2NMQVVjcFVjZkVma0s3TlVMRFo5TytKOEovZ0FPRzI4bTJ1b2JrdjVjeENQZlpCdVV0NDQ4dG42cGpBYU9MSkNPenFudEtCQTdOZWhZb28zano1ZytHTVNDQXJ2UGZrcmFPWU5sbnFVRC9SRlc5bnZMbGdrNWI5cnYvQk1MTmVJZVU0L3RJanRkaWtFbFpWelVtbHpINU1WMDJ2RGxEYWIrWkVFL1BOV2d1a0xVZlhDSlJham9kZW0wYmNRNmFVV1M4YlZrWWY1d08rbVphb2pPanZEYm84V0JYL3J3MlhWZGdVUkhkTURVV1lCVHp0MU5zV0R0QmV0TmRQVWV4SmhkSXVwcDViSmtTVGNWUXAzdnN6YW9ZVlRmVmxzZm1BWngwTHIrWFc0OGtoNS9pMmJrR1lQc2dQYWs0enZMN0UzVXZtMWRpcGdLWXFkTFF6NVNuMDlOUDRneEVMcHJiSjRzWXZ6QkwvdWQ4eFNDdlR6YTF3SWxSMytXZXBXaGRnQ0hLQjA2akN3YUhEYmxNdXNqYzY2QTZ6UE8zeG1WRVpzcUJHWEx4cnBoTk5KcWFvTHpENUdGTnRwUmZzK2FueGRhaHpyZVFGRWZOQjlYeGYveVdEQlNoc0JEeE9YQWNaQUlCVndxVUd6OGRKbkpRcmpPZmJ2aTQ4T1g2UTNyRC9hZzlpLzBKNUNtV0UxTC9kQzhXeUlaZ1I0VW1RM0crNi9MNVJRU21NK211K3g5M09nNjFkaFBwQ3pUcGNPMGZ3VSt0L2RQaHRzeW5meEpVajZlcXJEWnBYclBUMW9jV0g3U1BOS1JuNW12TlU0VlNJREtUekdYRmFINGlXRFY2YWVuSVcrYlJTUndjVWt1NVdKVXV1ZjdwSVFLclRFTkZtTStVQi9CT2tsRjVQY1V5c3lnY3ZrNytPbnFIMVRrMnpvcHpGU25meDlORVpIRGl1cXJOVkJCeC94TUFvbUVneTZhTWlmcU9kaHdLRlZNN01FMGFTMGRBc1NpVk5RT1kzZHUwbXdRcVZlUy9Ba2dFbjg2empWRzBPb3dYVXMwRmZ5VnV0dnRjYUFONFNueXFYcWs5WUNHM01hdDJCeTFPdy9GSHBoZGIveU14ZmtxZFk2cUlSTS9LTnlzeGlkVWlPb093K0tWR3hxR0pnVHNITS93TkFKNFV0TTBCZGZDcTRsS3hiM2VUOFd3YzJldDVYdS9BTnFxNTZYR253Ky9wZDlVM0tFZGJFRDg0R1h6cEpsb2JKR1RFU2o1YktiZ1I4eHlEZ0x5ZS9nU1RZL1c1S0JQdG5SVHU1eWxpM0NKSG84TXZMSzg0Y2RxTmtWR0Iybk5EeFhOMUJyWTg2Snk0Zk5iZW12UUlRbDdjK1JBUUoxLzVxM0ZnNGJ6ZXFJNk0vTCs2T255NG52RmZvWUVKVEFvL0NZWnlYcTNMUG1oMDhCMUFBa3pXbytrV1dDdVlGZk8yQ1d2R2d2aUs5RXE1T0U5WHRFbG9iRkxjVXJzUldVQnNwUWJMV0VkeHlNSTA5QVNLc3oxQ1JDZkwyNGhtaFE4TmVtSW90Wi9XZ3Fud1Z5TWVPSTQ5SFUwZ2JUdW9COEFPZE45c2EzRWFqOTFiVXA0YnhVQ1V0b0QvUUF6aDcvRmdvWXhKOFlVUTNrdmRVM0ZrV1FVU2VlSmNvOVlpVXV2S3dIeDBCbG1aN0piSVZLQ05SNXhrYmdhdzF6M1FKcWRGakNIRERYK2V6b1M5ajM4bGpNQTFUc1BYdEgwSG80VURIQ3prNnpSWG5ZelNFck9nelRvTW9Mb1dJNk1HRHE0QUVSRXlOeDFPYkpkdTVZY1ZFMHNGcVRaQnorWVhMbU13M3cyRmFYU1ZsTGpaMmpqa2h5RkxscnFWV25VOG1pS21OSHBhNUt5Rk1BaUV2VGFsUmJmME1JaFRidDZRVHRMdGhrWnhWU3BMUCtWWlBxVFEzSzV4TkkvWmdKbG5OeUI0UWFZL0R2ZVdvV25BTzZwTzRxZlJDNjI4Q1NjcitFdnRURXYyNWdUc3ZJcnNCZnZpdmZONFhwYmZmRDVvQzlrRS93c1RnQldTMWpQQ3k0emRUTUsxSlVQbUFER1U5V0U0NXUzM3F1bC9SVjAxR0FBcVhrWkxRMVd0dG9JOWxpcXE3MTVWV05RTEZXVm01WW11NW1lYW9wanl5WldOQi9Sb2VkQUcyVTA0eGorckRReWxwdjhUaG1ldldzZThPdGtoUGo0dFdobzJMUzFWd21RdEVmZkgvS1R0aDIzRDlQZ0ZjUnpmdFNLY2lsbktnaG5JaFFtOFk3cFVDZU9nL0M1V3lMUmg5ZW0yVnBhYmN2L2FYcXRjeDFOVk1JUUplQ0V6b0pNUml0ZllvM29IOTgxcGFXZVVibnVjNUEwRlFoRUFUaXNoZUJXajdpWlh3cG1nU1g5MkNYM0hRMVlmVCtuY0tSMjdTeWxOVE5MdTBFS0pMWnlmK1h0ZlNsbmZSYWJXR0ZmdUt2NFBvUlYyelRPTWluSWc4RTlNb1AzNlR6YmZ2cGhrZGx6RGgvTzNYYVpmckJVdDhRdFpkYlVJUjVjRmJtWjgyNUFZODBqUDJUb2kxZ0hwRmpENkVaVk9GaEpMTi9xUDczN1laNVdybU8yZWxiN29TbDh4VnJ6WGZPUnlSLzVRVGk4RENoc3pYVjNMaVJvTnloZGw5ZS9KLzQ3WjVoOEZFMlBmV0ZlM2hYQ3NyZXJBamoyMnV3Z0F2WTRRaHNEMVQyaVhNUjR6MEx3QWw5ZlU3RW1QRm9xNnkzNnJDQXY1dFhlZExLa3UyQmZESmZ1aDFrTzJyaVF3RjZGbFVIMFR5QVp1cDdrSjlPMUVrZkxjazMxYjVRWk03VXBFU29uOWplVStUL2VBanNadURKUkhmdXJWSHpBVXdHS1dHOHV5Zi9oWk1udm9aa05FOGhsLzZZUUNyUWNiSHFmVzJFdHJiRWkxdjYvSks2NWFFbzA3ZGwxL21KVkViTlZISVhEdThRL0lQeDNESktham9iSEd0RnVaemtwbGV5ZThSWWZ1ZE5pWFVzbWx0bktEbVRXSkRtZHd6ZEpoRlIwV3YzdjZXSWowK2p1SDZmRk54cFN5WTg0SnJsdXB6MytTMXlIZEl3NXdxS0tuQW5lREVNL3BYdjZrcHp6ckNJQWd3SmRGM3JVd1dQR29FYXdCQ2xFMldmYlRXN0V3Zmlib0RsSFlxTERlWEQwOWdIcXZQT2xyN0k0alNNZDVmS3h2OG5IOE52ZW54M2c1MFphUk5hRjRzNUJISVFnbXZmVDVmMUdMaUk1MmpYZi9yeXFKZmpPWWVMZlEwNWVCYlE5WkFXMDg9IiwibWFjIjoiYzQ4ZjFmMmE0YTE1Zjk5YTdiYjc5NDRkZGZlYjNhYjkzOTE5ODQ3NmYzMWUxNWFlZWUwMDIxNWY0YTE2OTliMSIsInRhZyI6IiJ9----eyJpdiI6ImtwRVNUMktvbWtxdTVheWduZWhKQmc9PSIsInZhbHVlIjoiZVlPY0lxYnNjSDJ2Z3FkK2d2eXU4Ulh5bVBFU3dhWGt5eGlrdXZTYWQ5ZHV2bmpkOFRNNE90RjQ1NVNIYVBmUnVTVkxtcGVOZTMwVmRqT3hvaWdoemZGTnFBMTVReGc4d2RzZGE0Q3RoN0FwSlhnUEVZUkdVbzRySjNrZkcva2FvS3V4bmc5aTdlbmNqd0lQZXMwQlQ4YXpSbk8rWFpoUGV2WmRXU3dGeVljaXo0S2xxRVRZK01KSitDVmQrU0Y1cjhRTDVLck5EeXFnNzNWQWY1QWxMWUc1K0RLdlI3MkNGNldZOFZsRUcrL2N1UUlJYXBzNE9YMWlWTXlVRTBpQ3N2NDhtWGhGU1lPYnBpT3BMaHUzc0NQN2RSV2hxZlJGTlI3V0t3dzJkMG9GQ1VZYkQ1U0kxMmtPNWY5aE9mTzUxbFVWcWZCMXFONzZTUVlFRjFxSWdQTVdwdkxXakhDV0tjRk91N1ZseDJmMStuUU0wRW45cksrdGhFS05JejVIUWpleXFPSVBNdXdONzJQdkErVG9BeXRrWnZMdGYzcUVtN3FTWjZ1cVpQZG4zKzFqYThsM3JmTDJTN3JRZFBpR0RlVmpnbXhIMmZCaml6OTliUVBUSzUwSzVMMFM3amI5blBZbk9JMGs1REhoSlZPVXZaeVZTNTMva0l5QTFIaU9PU1hmKzBSdlQ5eUNvVTdYUmRzWWNONHFZU1o2bzR6VkV1WGpiYjliVTI1dTJ6Rmwwb0lQZi9FZ0ExVzdqTFY0UGVmNngwY2JodklYa3VKSVFhVFJoa3dNYmsrUVR0MGtCcEMrZWRlcDhBd29jak0yc2NOcmkwTFV5Y0laSVU5NkR0d3NnYTFjN0xVYVVCNms4RCtCL1NKVFVmZnBpNkp2NTNZaFh5RVc2SEtlN3NyM0F3NHJBUk4rVGZZb2lqZGxVZjJMT3VFOTArcHN5aXAzTk9vWTh3QkhWM2N5ZDhCK09MVnRWbjZuN29qWmw5MDZ3TnpCUTRPQjdobS9FaWx2VHYrbWFGWE4zVEF1YTFGWGdyQnRIVUIxbzVoeXhVVjFYMFVTK2xrSWRFMm9hU00zY0VKdGRtdlVNRUkycE01UUgxek95UlkwTjFJMTRLQ1R5RVFKMXRkOEJ3azE3R2RYdDI4TGVjS0V2V0FRNkhDZGdqeU9GUGlabk4waFcwZFlsajJ4MFlJZ2h5Mlgxei9RcDZQeUlLZjVUNGJ2bWVWdzRBN1ViOTQ0TkhneHBQQkUvbWpWeEdpSnNndExDZDM2T0lyZlBXRS9QT0hRTG9nQmVqakR3RWlHVnUwM2kxNDFhNmhSUHRzdnZybmhPSUlKc0h5d05ycU51cCtvR2IxcmxYR2ZabzlaTzhwOHB5enhjZU05YUFXUGZTdHFqM1ZBVjBDM3MrZkFQVTgrMHJ5Nm50SXd6c2dmMzJmcDl6TFZuQlM2VlFvWHkzRks1RjRjajBudGFDd0t6c0tjNkZhZ3FXZ3NJOFpEMzkxdW5VRW40RUo2dWZqY00rUnYvaklsY0xCajBUWkJzemVJaGs3MDRYN1F0MFM4emliYkVhaFh5MUc5MFNSOWU1akRKSGMvZjRXczBremZKNWFpZjZKTm44emp6TkMrOFpkakRYY1dSd1duMGJiM2UyUzlQb0IrQ0dVVENjN0dYZTE5YVAwTDQydzY0aEVKdTJnamtaOG9wY1RrakRWSE82SW90QlNVaytuQzJaMS9zYXhPZmR3R3NjVHJTYW9LQlcwVVIxMno2VnJPVUFYV3d2dVE3U25IbjFWQjJzTnRyVU9Pa0IxOXl4QnBxcS9YS0Y1SjBLQmx4bDRKdUlLOEhGQzJPaDZqdjFhVlZyYy9JemJnTUtsalMvWDBvWFNPZHJxWFFUUWRRMjVhbUc0ZTdkNjRxS1Z6TzYySURENndGa0pmQ2dZQjJwN2dOS2Q4Q1lPYjdUNXdXL1N4RS9oZ255T3RyL3d4MFFuN2duVTk4Rm55YldGVVB3bEp4RHFUbndtaS9pTk93bUdzSmJZd1NEb3N2cWNlUWhSaEhneG1OWmVyVjRxWjRpQTljVHM5emRUMDd0aittZHJBMDhZZlJLS3FvTWx5R2kvSjdOSlU0ZmMyczRhMytSSFhjQ1M0V3RXbGxmSk54WmJTNE1ndWYzaFhhUExJTXIrOE9xMTVRZ2J4V0NDK3BUMnh2NElvWWJnUzdPQjNwZ3pvdy9hcEdKTHN5ais5RDhDZExBam80TFgvTC92b3ZPOVVOaEErVDhKdm5rQktSRlNDN1BEdHpyd1M2ZlVCZnFIWlJSSmV0Nm0wS2ZwTDJsL3h3NmFnYXBLRE52aTE4Y2pmYlhqdEtJU1VLZlBKSTU4Uzg2TkljcVQ5cmRMcUN1ODNhUjNBc1pBQmJHelVsVEdDS09RVEtqbXpKaTFSbVpUemNIY2lNbEVLNDlkdnd4ZjJpOFNWR0V1UmRZQ2tpQWFKL3dKYWhRemNEVVdlYW43ZlpiZ2taWHY3VTZLWUVzUmc2M3BzT0tYelp0M1IrNTBwMk1LL0xKdWI0eGswK3BxWlp5NEpmc01LUWxwMXpFRkpqckNaeUdkQWlnOVJETU5oNTJyamtPTnhuSTMvUWpVZmN2Tmtta0pNNTNpcHRNUi9PZWhWbG5oWXAyV243clYwb0V3clNaZ1pRbGpjM0ZteEtuYkg5RWFFVWptc2ZSRHM5bTJET2M3aklma091WXIyeHZzcTNMZG9DaXcwSlZWbWpxYlFHcmpheGZhY0tJTEYxRG5iejkvWExpNkNNNXM2SzBrcVJ4M0x4SUtCL3lZTGk0ZVI3eEI2eGpJWmVXcDVXNVArZk5mWER0Ym9aSFJxM3FaV1B4a1oxWi9obVZIN2NnVkNUcVRkY0ZPdDlMM2tqRWdLRVVkQVBwRmNteEFvNWRlRzV1OU9oUnIwbE1RVi9zOFNOL3pjVy9sM0NRN3NBVHVuTlE3TVFZMk1ISFMxRWxVY2dyeGNoR2p2U1VMUlFhYVNEMDNuQkdkTGZSSzJseWttWFBHVFFhOXlycTJCQm40Q1o5Mm02cVphZVF5L2RLZkRtdVlKYmgzRWFSREcwbTI0MDM0VzFhblkxUXlwRWxLSEQ1Q0lvTU1aYk5XZDJLZHBNd0Nhb0lqSTdiU2JvckZWcGVVamhZblJWbG9CQzk5YTBQYUZBOFkxSGhoWllWZU1jUU5EYVk3Qm90bE5oSXc2bENraTdJcllubUtBQXNIYlhDZGhLVDgxVC9zNk5tSCtpQTNCMTNKUWVDbXVFSXl4OUUvZUxtMFFkdTVsc1dxU2RuQWdTOUtkeGlZUFo4WElPOHhmdXgxYU1jeTV4aDdXRWRZVzJ4V1dTdjRMUmZDR0ZIMTNWR0dteXFBbnZzYll5K2NTeUFXNWhFRTE0SVRxL2tsUXR5WEdtcDM5V3crUDFuSVA3R0ZzblNWWGlhK3JhRFU9IiwibWFjIjoiODA3YTg3Mjk2MTRkZDcxNjYxYjI1YTc2MzdhODI2YTg4ZGZkZDMwYTk0NThkNTkyODVlNGM4NjYwNzE1ZDk0YSIsInRhZyI6IiJ9----eyJpdiI6IlN1UlRkRVpKbE1zUzZ0Y0NRRFF0MGc9PSIsInZhbHVlIjoicVl5dzFtYXlMckpUYkVZeW56WkZmZEc2SHlwdWs4ODZTS25IMWU0T0tRZ1FZNEFMelJSbFpMZ2FLdTR1akR6RlVIbWdqaG05THVtTGU1NUt4OGNNU20yaU9vb1htdGhFT0pqNGR6dXVYUFBhbGlOaURPR1g3V0xJNmdHcjEzVldyQWlxZDlDaHBaM0xoSVlrQ0gwQVAwdTZ4UW12YmJwWDFVMFFFeHJEbnIrS01BNzVXWGN4eVMrRTRZbGRlRGxSRVhuYkE5czVwa2xvUzNRSjhUcW53TlFXcHhUREkxczZLSXdOb1VxaUpmSGtpK1o2VVlJODY2aFVKQ0dsNkx5Q1I0NVh3aUlyRzdnaVJhRTRteTdac1lNQWNMQnZReFJYa0pQbnpKalFFS1JkSDVvQWVsWG1sS1locDFTZHUzZEU0dS9LNHNIam8ycjhrZk1Nd0pkbWdDaFljMWl4REwwVnhGcU1ZZkY0MkoxYWJHZnBaQ1RoQWhmbDBjb3ZnczF5SHkwQ0ZBRnRXSDZFTXM5L3RJSVpiL2d2K1lUUTE1UWJlbDgwdms1Z2xoRCttMjhWeTdZTlZHSFhqdHM1TERVMURuOXFKSlFIQVR1U3BsYXJ3UlpPOHprNWdMaFNTTmJNVEZzRTVCMzhmeFRVTzdnbW9SZzRmdDFuQm52eXl5L2hERVpIYjV4eUJZMnZKWmJ4YituOUZSRVYzQXVyNElPZm8rUGJFMHRvMGV6VlQySCtGRjhBU2RuZWRmczlWd0hPVEY3L0xaZy9RVDNlMDFQUmZZSk1TSnhrM3JIZit3V1NqbktTMDlxbEpINVdNWm0zSUx1WlNOa0swZXk3d0lhYkY3ZERUcHFPL0JEdTQxUWpETEpEcWVON1dQZ3BSbXJkcnprbHBJSk41NWZvelhjQ0trWTM5cXZUb3k1ZTZEdzZzZnUzaG1hbzBtdHpNaG1GZ3Q2aEpGdkRvSUMxdzh4Ujgyb3JRSUthZ0loUWx0R2dxNnBTL1VhVDlCUUtYSGlpenhOcm0xdC9vdWJHeWtEcGVKMWwydlVXUDA3blVGakp0ejVHcWE3QXpBQT0iLCJtYWMiOiJlMzE3NGJiMTAzYmEzYTdjNmQ0YTI3ZmRhNWYwODhiNjQ0MDU2MDVmZTE2ZGQ0NDMzM2QzMDYzMTI0YTY5YjE4IiwidGFnIjoiIn0=----eyJpdiI6IktrREcra2czcWZ4bS9HSVVJZFZ1N2c9PSIsInZhbHVlIjoiYzdjSGZOY2t2dTlhVmtKSkhpaXRTbTlLV0JiaENNbStuaDZCMThIbko2c2p3Um9pb250eU5XaVBWZW5VK3ZKUUtrU3FMVmZtNjJtK3RLS3d4dlozVTV2UXo2Mlp4R2cxSWJmS0RXWGdXSTg0TkluY21yai95M3dETWh3Y2E2MmpYWnBhNm5yVitpcUZ1L1kxT2hyL1lZeXU4NEtnelcwVkZ1U3F6T3NxemdWUmVLU3dFc0lvMWZIREdWZDlucnBwUnhIcHpJcG95a2ZXcWlSWnc5ME5SbjhWcGZ1Mko3ZjJ5V2llLzFsOFBoQ1FFRC9RNkZJSmxlTGJTL0k5ekR5aFlQYmU3MWRmbHdFQ2x4dFI5Z09pY1VRbDcwY1ZkNGo4cGpTejMvZ3g2a3B5LzFmdXZmZGJGeHpRN2xnMi9sb0gzZllDWi9YTzVLQnp0MmltWEZyWmhuc3h5SVBlNjR5RCtMRlRIZVZhMVIyN3RRdXc2MlRqd05VWnBRYlJ0SE5XNGx4SGhndmZUbHFrMlVVZFEvbTRJRmI0K1l2WW8rK1VhWkMyODUrL2lMQXVDOVUwd21RNWlmc2Z4eWZmeE00RGwraXdBMU1MNzhQWU13bmVod3RCK2VVMkRuQ2ptYlNJaHVvT1VCSlZsNkRYQ1MrSTQ2bzZHczRiNU83cHE3ZGhTb0M3S1NzU09EU2lWclB4TFQ1Sm1iNzBoOUsvbUpzTlUvbnhwWlpVbGswMWEwOEhrbEh3UTB6YnF1c3hhSzQvczFjT2xVSFRkWlpRR2xzWG4wTTRIaWp2YkhaMnpuQStoeStWdFdyU0t5czVwR1RsWUlWemdNQjByNXlIeTY1Rkh0d2VLV3dIV1hJZ0RhRy9hSGxpU01jQWxwd1lvU3Z1ZU1JVHFGYXdjZWhrbGZDYTRkbDVXUld4RzdJK0FmNlYzQWFuOWU0RGYvTUlQMkJUek84VW9Ma2hRVjdUbzdkeUQwcFRiSTBkUDZFczNpQXR5NGQwYXlEL2hEVThPNWRDVzdtVVBpSGk1YkZRTnhydTRmOVVCeDZSSm9hMmZhdERMQ2ZKcURIYTRlbz0iLCJtYWMiOiJkOGExYWNlZmFiZmRmZWQwZmM2NDMyYjgwYjMwNWUxMjdjNWY1MGFmYzlkMGE4ZDFlYjgxYmU0ZmI5ZTU3MjE4IiwidGFnIjoiIn0=', 'cover_area,plot_area,plot_length,plot_breadth', 'eyJpdiI6Inhia0J3K2JXdWt1dGhMMy9UcTVsdGc9PSIsInZhbHVlIjoiUVdRR0tzZXNhVUpmSk1tZVhSZVZ3WHU0ZXBtSHRoalRESHlCUktUdUxkeWpwNlJZTUxteUdVekRXdjIwWjlpeXo1dU1iOXRyWlBuemM2VTgwempiWE9wY1dYVEJteWR6QktkWlFaaWRQbWpHVjFsZG5Ub1ZSZHVnNk1FQ0ZTcm10NENZQjNYSVVHT1RSelZibVJqT3J6Qk5MWXFxb25xNlRnLzlGeDNRT0pKdXdmcmg3L3lkazZLSnNVNEVYN1h4cjBvaWRLa2lEaERwUmtBb2RwTVphbmxnWGMwRkU3V1Y1MXBwMEwwaFJCNzhYL2NQMzVYRDNPV29zdWo0TkVxQ2I0cXZRL1o4Skp2TjY4bEZLVEEvbmRjM0htbkxYaXU3anhLZ2NFU0NqekNEbkRIRzBxMWM5aTQreDZIMXp1eElKbnVoNXJZOHlNNVdYSTk2UXFONTNlYmQwNkJhOTJla2VSd2wycHpDZEd5M21WdlNjSzdKWEoxNjVtdlVKdDYxM2JuZDFhWXp3b2w1TTdPRmc3NUJjZz09IiwibWFjIjoiOWZjZjVhNDk5MTM0YTg1NTM4MGMzM2Q2YWQ0ZmI0ZTNjM2QxZDkyMzZlN2IwOGUyZTVkOWM1ODZiYWI2NDZlZSIsInRhZyI6IiJ9----eyJpdiI6IkQ4Sy9XUWJzV0lMdXZKd0hPajI0R3c9PSIsInZhbHVlIjoiWThpSXdGSjlRT2pod2M1VmxjVjk1NTNQZmJLV2dnOTV1V3hVVUoxZTIyTTFXbmlzV1R4NC9vckV0VU5FU1VPaGtxTHVmdmtaNGZoTm96OGpzUi9mMW96YTNOa0tRQzhBTTlSQU02UDlROVozc1hVZGxIazJCRFhTeXUwd3dDcjBITnNRaWNwdTZneFZHeXZEWUlEVGNBMHZqdUp6SENvS1FUSTJrd1FhRDhNMSsyUTIxblNuRE02NTJmeStZZ01Sa1Z3Sm1qbVVMY3J1M29xcDNMS1ZIZk1Pb2JuOVR4NEdKclIyQ2o5WXhBa1hEeDNWb01PTUlESWxaUC9paG55NUpTSXJGZmdzUFl2R29COEFJZ29NVklwajBkdDlrRXljZVlXSVI3QXBEeTM2NHVZaHFJc3pZVzZTTi9HdmhJZ0NXOExwNU9EM1cyTUdRaE9WNkZCN0NFYjFIem5vUFQvZWt1aEJBdEVFTm5hTnF3K25nSW5yRDZiSXhwNW1GNkZhc2tGMjZOSnNIUElxa2NybXB4bzVWYk5MU3R1TFBCZWNLeEp0OS84bE53RT0iLCJtYWMiOiIwZTRmOGI2YzlmMjg3ZjljYmRkOGIyZWEwNGIyMWQ4ZDBlYWQyZjBlYTZjNDZjZmFkMGRlYzg0ZDAyZDk2ODZmIiwidGFnIjoiIn0=----eyJpdiI6ImZXdEFlT3B4Tnhhb0g1RUt1VXFBRFE9PSIsInZhbHVlIjoiU2wxaTJDZHl5eE82clNNdFZ2V0poVWpXNzE1NytJM05wVmlkOVU2YmNQT2djQUloUVkwT1NYUFlReVNreDBZTGJBbVZSd2FHZEw4YWNoQXI5RG5LbVBzZnM3dTJoZTVZbzQyZjF6RFBYK0Y1K1F1UnpPLzlnS0IzaFhyYXZNMzJ0dVNkb3YvZXBTMHhiUWtJVTFURUUxV0hHajF0dGsyV2NtbzR0RzM3dCtQa3dLL0dlN3lUUGNkZ1dmOW5NVmIvZVh1Rk5wY1FUQWtjdWpnSjAyNFNsRkJRQmFMNlAzZ3NYbSsvbWxCZ0tPMFBvMlJXeUYwb25zZnY1bXRNV0JhMDBlTGpaanpnMTR3TUhmNEUwSUhNNk9NLy8vaHhzamZCZU54MEZiVHZtK2NKbFVQTmlRbXZETmNCSFQyYlZIMVowMDJ5QkFqSytWd0NUdDZPQUZGZWR2NTRrNUx4RWtES0JyVFlidXM0ZEY1dmhPaUkzTFo0dTlTUFRKTGZFem9xcDloT09Qd2RYNGNEbVdhTHFSNVprb3pLemRSaGJXVElNQ1B4TXJGV0N3cjZUYmx3MDlDeWQrYWtoMCs5NXIvNzdVTVBRREY3MkIzSm4ydTJNZTI3c2E3cDdqaXZOU3ZnTlEwTU11SDdPSEtZNng1L3hYUjJiSXZpQldUR3JNM0F0SWlhU0xlVDh3MlpNK0NJeU9DOGJaS2NXSFR4QVJvUWsxMUtRUnJ3MXN3V0xnNG10alhrSENSSGxhTVVMWEJ1eXgwcXFqVkV2b0ZpcGl3bS82SGNWZz09IiwibWFjIjoiZGE0NGMxNjRmYWMxNjdiMTAwYmYzZTYyNzJlNzc3MmUzODY5NTBhZDNlM2NhYWRkNjJhM2ZkOGRlMThmYTlkMyIsInRhZyI6IiJ9----eyJpdiI6IlpPRGRITnFwblJqRk5YdVZGTm9acWc9PSIsInZhbHVlIjoiS3k5blZGMWlWdFoveTEvazhJT2U3NkoySGs0ajIwZHRQSC9aWlNRbjhZNkFKMThIcHdpNmtHdWZ0RVZJNEhTN1kwSVp3OE5rMUk1R0ZxbjJES1UvL2tWNlYvWk43ZHF3cUtjc01Bc2FRWjRydjQ4WDF6d0VMLzJPN0dlcW9UQlI4b1VoeVhyQWxIa2FQdEJvUVRvWkt4b2cxUWo2REhDdVF4ZmR4dFhkZVZZVVQ5U0VlTVBmNitxdXFZNWxpV2NLdkNxZmFLVGprWFJ5TWc0ZklpUmljUEpiNVBEY1hjd1NrdmhtWllSQ2d4M2ZnZHpnQlNRakVzS1JoN2V0ZXNkY0FCL1VKNW1QSDArSEh5Ry9jM3Y5MnBtMlBKekRqQnJmZkdkdTFvb3pka25rNmVTRmxTVGZwMDA1V3E3OHNRTVhUZVVzVVJMZlZnb1hsZDBOTmJuU0RXQUZ2Z2R5RTB4Z1NvZmJ1OWQ0ZytRWXg0WU5FSVJzSzBRVjZDMGRpaXpyaTdnTS9VK3g0U2IrWDRpeHRHWjR3Zz09IiwibWFjIjoiMzUzYmNjNmM0NDVmMDZhMDU3ZDE3M2VlOWEwM2EyYWE5MmRlYTI1MWQ0OWJkY2FjZmM3ZmNhNzU0ZDcwMzBlZSIsInRhZyI6IiJ9----eyJpdiI6IkZ0S2o1d2Z0YUdqdXorS2xucnBBbGc9PSIsInZhbHVlIjoiSXRhMjNiSjU3a09BUldvSStBSm0xTXJBdkdkUXZINmRmVGlCZVNiMk83emtqWjZsTUFYTXloaWZFamFHZEhkWjlZK1F6Sy9aWWRpd0JYTVlOb1hmdEZKaUxTOE9Pa3BBVXpjNi9uN2V0Qno2L1c1Z2lKVjFvd3ZZTHE0aEpRd2dTOEIyaytMdndseGNobmhhd0hrVjluSFlzVHZLZzNVc0RqNVZ5SmlzdWpGL1FyLzhDZ21qRWFUQlplVlJuTWp1VzFqVGpPREFtNGMxRTRPYXhubXRqWTJUZzhraE1NRHpYcXBmREpUSmtWSUt4M0FoUlJ2R09jSWt5MllNUlRIWmJncWlLOW5PQnAwYjBLc3BocFFJKzV2L3U3azFFNHV3TzRjOEN4Z1BrTHFBQVdNVzhDYTluWjk4SHNZL3ZoUGFhaHZRVU16V2hKZDBKME5IUUxweGxiN1diTmZtWjkrbHNBU24xWGovVHM1S3hkQ3VucHJQYWFMdWV5NG93NndLUmhwbnl3QVo1aThaM3lQT0hneFUyZz09IiwibWFjIjoiY2RiZDU0ODM0ZDc2MDcxZWZhMWQ4MjkzZjg5Njg5YzVjMWE0MjlhMzU3ZTMzODMzYWIxZTk4OTdlYzBiZmExMSIsInRhZyI6IiJ9----eyJpdiI6IngwcTRmdVhVNEE1Vm9qdnFkT0NzNkE9PSIsInZhbHVlIjoicERiWmlxQlJUZUtwWWl6TXcxOFZNT2hxVlVqQm9IRkIzZllKVERCeFNDWUxwOEJMbXYvR1ZDcXgzalFXU3ppYks5dUpaRjNPSXo3eDByU1JmSDlPYW50QmxKRFVycFJKcHIxQk4yclZlYWtQYmRDNDlZN0FWNVF6MjRvaFVibzZ3dGN5eDZucEtsaFg0SElFNElzWHBXM0djSW5SUmRBNXJDUnh1MlVvSzVQbmxwZ240SElmeWsreG94L21XWWhQNXRNb2ZsalpwMktEQ0RPT3R4cmowbE5YTVRvL29kYTNJY09tTTloOHZwSDNHMzd4Ry9LSDYyVjdRYnVQc0ZzMk1JSUQ1cUlFMUc1bDl5TmxxL2kwZy9WVFVnODg0dU5rYWVLZnRFcUoxRFVhcG85VEd4MXp2MUNLS2UzeXhCSXh3azBhYlhuYkZrREVYczRmZGxwS0l3RDlJaVdMcmMvQTVnckwyczNJZ1Q5SjZpa2NzZXAwQnZjNHBRT21ocE9QVE5EZjI4dGlBUTZPQkxmdjlNWWx2UktVUkdZZTRjMEVLMWpWREVHT0Z4bjZySTRESHJOcitXQ09GZ0RrazFCNFFKOU16N3VZRlV6YytNYmpuaDZUM1lvYUNwakM2eFRMR09KOTdIVk1MMTh4dWhsVkEzM3ZwYWc0dUFZbTBIMnNuTDI3eU1XVTQvSEpweWN0T2hNL00yZlZqK3ZIYUdZb3JsdkhFeEFWdG9qeUp0QTBCMmIrL05kTjVETjg1cklINWJUSE1oZGlXZ29zK21MWGFmZ0RwdWNFNmtNY1pndGt3Tkg5YVU3aVlwbHBhUG8rWGVFS29KSkhoUDZxTWZOQTdLcTRoKzhpVlBaQmhlNGVMMFpRRHo5Q1lrQXgvYXJ6Qis1TVNKTnpUb0kvdTZPc0R1SXEzVGZoZklEa0E5SXB6V2JkVDNKb0NBS2ZLMmNZZm00R3BLdXRnVTNlMTZBcGNoL0Y3bFMveVBaanVsWkc0RGZyaGJNeEloODhKZjVPN0tnbkVnZ0VaUWZKVzAyWUxGMFVPTXNhOGVYMkdxeTIwbkl5WFExdDM1bzNQeVFpMzk3QlJuM1lGQ2NFeFZqS3RXbUJYM0R0SWFsNDhZWVIvN0FDSERlbGdHMU9NTG5WZlJtQkdkazZ5WHhtUHptTXNKckxjVCtRYndkaHUwTytlQnRrS1VnQWtqM1NFRUFGUEVHL1o5bitkd0RuNVZnRUpMMksxdmw5UzJuWnFwaHBEejhiN0NOZmdrODVHN0RyeTZuUkZSWDdTcmVoblVVZ0hJZnQzUmtLcUVvYzd2UjVCK09ZRXpHdmpPODZiR204ZmVQV2YzT3g1NDcrbzE2aHlSaW5KY2RRWjU2alFHRTlFdXFSeUtHL3BGaElMYmx0WnNrb2lXZTBDeVlpUDZxVmI3eTdzYlFaWW94NExWMXZqb09OWFZlWUVTYVRHYmtMZGpyWG85NDNFZkFGRS84L0pyeEpISlVrTXRMdmpndC90T1pzb05RbjFucjhHSXNHIiwibWFjIjoiNDQ0NTIwNjU0N2U1ZmE5NjY5NDYwMDZhNGE3NTYyYzMxNTE0MTBhZTNlYzQ0YjA3ZmVjYTZiMTMxMjkwNWQ4YSIsInRhZyI6IiJ9', 'monthly_rent,daily_rent,electr_charge,other_charge,security_amount,maintenance_charge', '2021-12-29 10:43:50', '2022-01-07 11:35:57');

-- --------------------------------------------------------

--
-- Table structure for table `property_type`
--

CREATE TABLE `property_type` (
  `id` int(11) NOT NULL,
  `name` varchar(255) NOT NULL,
  `slug` varchar(255) NOT NULL,
  `status` enum('0','1') NOT NULL DEFAULT '1' COMMENT '''0=inactive'',''1=active''',
  `image` varchar(100) NOT NULL DEFAULT 'sale.jpg',
  `created_at` datetime NOT NULL DEFAULT current_timestamp(),
  `updated_at` datetime DEFAULT NULL
) ENGINE=InnoDB DEFAULT CHARSET=utf8mb4;

--
-- Dumping data for table `property_type`
--

INSERT INTO `property_type` (`id`, `name`, `slug`, `status`, `image`, `created_at`, `updated_at`) VALUES
(1, 'Rent-Lease', 'rent-lease', '1', 'rent.jpg', '0000-00-00 00:00:00', '0000-00-00 00:00:00'),
(2, 'Sale', 'sale', '1', 'sell.jpg', '0000-00-00 00:00:00', '0000-00-00 00:00:00');

-- --------------------------------------------------------

--
-- Table structure for table `users`
--

CREATE TABLE `users` (
  `id` int(11) NOT NULL,
  `name` varchar(255) NOT NULL,
  `email` varchar(255) NOT NULL,
  `password` varchar(255) NOT NULL,
  `mobile_no` varchar(15) DEFAULT NULL,
  `remember_token` varchar(255) DEFAULT NULL,
  `type` enum('admin','vendor','user','customer') NOT NULL DEFAULT 'admin' COMMENT '''admin=super admin'',''vendor=sub admin'',''user=frontend user''',
  `status` enum('0','1') NOT NULL DEFAULT '1' COMMENT '''0=Inactive'',''1=active''',
  `created_at` timestamp NOT NULL DEFAULT current_timestamp(),
  `updated_at` timestamp NOT NULL DEFAULT current_timestamp()
) ENGINE=InnoDB DEFAULT CHARSET=utf8mb4;

--
-- Dumping data for table `users`
--

INSERT INTO `users` (`id`, `name`, `email`, `password`, `mobile_no`, `remember_token`, `type`, `status`, `created_at`, `updated_at`) VALUES
(17, 'Admin Kumar', 'admin@gmail.com', '$2y$10$wapJhDORt8dyBkaoLMhxr.sV/kYVV3BhHACRDxL4Q2QLeSrFCuYxO', '07827547094', NULL, 'admin', '1', '2022-01-03 05:34:46', '2022-01-03 05:34:46'),
(19, 'Vendor Kumar', 'vendor@gmail.com', '$2y$10$b3LaR9ubLgGKgQtkm83YQe17Duug/cbevZ6MIFx5biVT5HSKlcSPW', '09891868728', NULL, 'vendor', '1', '2022-01-03 05:38:10', '2022-01-03 06:01:24'),
(22, 'customer', 'customer@gmail.com', '$2y$10$AbyM/xh6gGKK.UVYFEeAWOks.YEH/UsnZXuXO7.XCx5Iv1b88wMeO', '8919978729', NULL, 'customer', '1', '2022-01-04 06:01:49', '2022-01-04 06:01:49');

--
-- Indexes for dumped tables
--

--
-- Indexes for table `properties`
--
ALTER TABLE `properties`
  ADD PRIMARY KEY (`id`);

--
-- Indexes for table `properties_images`
--
ALTER TABLE `properties_images`
  ADD PRIMARY KEY (`id`);

--
-- Indexes for table `property_category`
--
ALTER TABLE `property_category`
  ADD PRIMARY KEY (`id`);

--
-- Indexes for table `property_sub_category`
--
ALTER TABLE `property_sub_category`
  ADD PRIMARY KEY (`id`);

--
-- Indexes for table `property_type`
--
ALTER TABLE `property_type`
  ADD PRIMARY KEY (`id`);

--
-- Indexes for table `users`
--
ALTER TABLE `users`
  ADD PRIMARY KEY (`id`),
  ADD UNIQUE KEY `email` (`email`);

--
-- AUTO_INCREMENT for dumped tables
--

--
-- AUTO_INCREMENT for table `properties`
--
ALTER TABLE `properties`
  MODIFY `id` int(11) NOT NULL AUTO_INCREMENT, AUTO_INCREMENT=27;

--
-- AUTO_INCREMENT for table `properties_images`
--
ALTER TABLE `properties_images`
  MODIFY `id` int(11) NOT NULL AUTO_INCREMENT, AUTO_INCREMENT=44;

--
-- AUTO_INCREMENT for table `property_category`
--
ALTER TABLE `property_category`
  MODIFY `id` int(11) NOT NULL AUTO_INCREMENT, AUTO_INCREMENT=7;

--
-- AUTO_INCREMENT for table `property_sub_category`
--
ALTER TABLE `property_sub_category`
  MODIFY `id` int(11) NOT NULL AUTO_INCREMENT, AUTO_INCREMENT=57;

--
-- AUTO_INCREMENT for table `property_type`
--
ALTER TABLE `property_type`
  MODIFY `id` int(11) NOT NULL AUTO_INCREMENT, AUTO_INCREMENT=3;

--
-- AUTO_INCREMENT for table `users`
--
ALTER TABLE `users`
  MODIFY `id` int(11) NOT NULL AUTO_INCREMENT, AUTO_INCREMENT=23;
COMMIT;

/*!40101 SET CHARACTER_SET_CLIENT=@OLD_CHARACTER_SET_CLIENT */;
/*!40101 SET CHARACTER_SET_RESULTS=@OLD_CHARACTER_SET_RESULTS */;
/*!40101 SET COLLATION_CONNECTION=@OLD_COLLATION_CONNECTION */;
